object_id	date	events	cassualties	lat	lon	postal_code	mun_name	neighborhood_name	neighborhood_type
0	2011-07-10	1	2.0	25.361711	-100.008202				
0	2011-07-17	1	4.0	25.792876	-100.177388				
0	2011-07-31	3	4.0	25.74022	-100.128365				
0	2011-08-14	1	1.0	25.800237	-100.416357				
0	2011-08-21	2	2.0	25.517226	-100.220733				
0	2011-08-28	2	3.0	25.634897	-100.08095				
0	2011-09-04	1	3.0	25.727385	-100.427055				
0	2011-10-02	1	1.0	25.911424	-100.228615				
0	2011-10-30	1	4.0	25.848101	-99.9646				
0	2011-12-04	1	1.0	25.788917	-100.597801				
0	2011-12-18	1	2.0	25.559787	-100.065022				
33600	2011-09-25	1	1.0	25.781562	-100.187597	66600.0	APODACA	APODACA CENTRO	COLONIA
33657	2011-11-20	1	1.0	25.784351	-100.260704	66612.0	APODACA	LAS NUEVAS PUENTES	COLONIA
33706	2011-10-09	1	1.0	25.776832	-100.232166	66630.0	APODACA	VIEJO MEZQUITAL	COLONIA
33707	2011-11-13	1	3.0	25.762171	-100.238916	66630.0	APODACA	EL MEZQUITAL	COLONIA
33707	2011-11-20	1	1.0	25.762171	-100.238916	66630.0	APODACA	EL MEZQUITAL	COLONIA
33709	2011-08-28	1	1.0	25.754939	-100.237164	66630.0	APODACA	FRANCISCO ELIZONDO	COLONIA
33721	2011-08-28	1	5.0	25.767084	-100.195616	66633.0	APODACA	KALOS	COLONIA
33721	2011-09-18	1	3.0	25.760505	-100.208996	66633.0	APODACA	KALOS	COLONIA
33721	2011-10-16	1	3.0	25.767084	-100.195616	66633.0	APODACA	KALOS	COLONIA
33736	2011-12-11	1	1.0	25.740986	-100.183283	66633.0	APODACA	RES HUINALA	COLONIA
33771	2011-12-25	1	1.0	25.772789000000003	-100.266322	66635.0	APODACA	HACIENDA LAS PALMAS	COLONIA
33820	2011-11-27	1	3.0	25.745679	-100.163323	66640.0	APODACA	HUINALA	FRACCIONAMIENTO
33822	2011-10-30	1	3.0	25.740838	-100.174971	66640.0	APODACA	SAN ANDRES	FRACCIONAMIENTO
33826	2011-10-09	1	1.0	25.738312	-100.169275	66640.0	APODACA	FRACC BALCONES DE HUINALA 1ER SECT	FRACCIONAMIENTO
33861	2011-09-25	1	1.0	25.729296	-100.157021	66647.0	APODACA	MISION REAL	COLONIA
33886	2011-11-20	1	3.0	25.71335	-100.183296	66649.0	APODACA	FRACC GOLONDRINAS	COLONIA
33901	2011-07-03	1	2.0	25.593517	-99.990181	67480.0	CADEREYTA JIMÃNEZ	CADEREYTA JIMENEZ CENTRO	COLONIA
33901	2011-08-28	1	1.0	25.593517	-99.990181	67480.0	CADEREYTA JIMÃNEZ	CADEREYTA JIMENEZ CENTRO	COLONIA
33901	2011-09-04	1	5.0	25.593517	-99.990181	67480.0	CADEREYTA JIMÃNEZ	CADEREYTA JIMENEZ CENTRO	COLONIA
33901	2011-10-16	1	1.0	25.593517	-99.990181	67480.0	CADEREYTA JIMÃNEZ	CADEREYTA JIMENEZ CENTRO	COLONIA
33901	2011-11-06	1	4.0	25.594123	-99.990435	67480.0	CADEREYTA JIMÃNEZ	CADEREYTA JIMENEZ CENTRO	COLONIA
33901	2011-11-13	1	1.0	25.593517	-99.990181	67480.0	CADEREYTA JIMÃNEZ	CADEREYTA JIMENEZ CENTRO	COLONIA
33901	2011-12-25	1	1.0	25.593517	-99.990181	67480.0	CADEREYTA JIMÃNEZ	CADEREYTA JIMENEZ CENTRO	COLONIA
33902	2011-10-16	1	1.0	25.600664	-99.998245	67483.0	CADEREYTA JIMÃNEZ	CANDELARIA RIOS	COLONIA
33903	2011-07-17	1	1.0	25.599937	-99.977086	67483.0	CADEREYTA JIMÃNEZ	FRACC PEMEX	COLONIA
33925	2011-11-20	1	2.0	25.562148	-99.981441	67484.0	CADEREYTA JIMÃNEZ	CARLOS SALINAS DE GORTARI	FRACCIONAMIENTO
33941	2011-07-10	1	2.0	25.577577	-100.007602	67485.0	CADEREYTA JIMÃNEZ	ADOLFO LOPEZ MATEOS 1ER SECT	COLONIA
33941	2011-09-18	1	1.0	25.576833	-100.00934	67485.0	CADEREYTA JIMÃNEZ	ADOLFO LOPEZ MATEOS 1ER SECT	COLONIA
33953	2011-09-18	1	1.0	25.936697	-100.362373	66550.0	CARMEN	EL CARMEN CENTRO	VILLA
33953	2011-12-18	1	3.0	25.936697	-100.362373	66550.0	CARMEN	EL CARMEN CENTRO	VILLA
33965	2011-09-25	1	5.0	25.955113	-100.163749	65550.0	CIÃNEGA DE FLORES	CIENEGA DE FLORES CENTRO	COLONIA
33965	2011-12-25	1	1.0	25.955113	-100.163749	65550.0	CIÃNEGA DE FLORES	CIENEGA DE FLORES CENTRO	COLONIA
34029	2011-07-03	1	1.0	25.808921	-100.597923	66008.0	GARCÃA	LA CRUZ	COLONIA
34029	2011-10-02	1	1.0	25.811945	-100.59803	66008.0	GARCÃA	LA CRUZ	COLONIA
34034	2011-12-11	1	6.0	25.790927	-100.427055	66023.0	GARCÃA	LAS PALMAS	FRACCIONAMIENTO
34041	2011-07-31	1	1.0	25.782355	-100.408754	64103.0	GENERAL ESCOBEDO	LA ALIANZA	COLONIA
34041	2011-10-23	1	1.0	25.785461	-100.413103	64103.0	GENERAL ESCOBEDO	LA ALIANZA	COLONIA
34053	2011-09-04	1	1.0	25.738467	-100.407831	64349.0	GENERAL ESCOBEDO	CUMBRES ELITE 6TO SECT	COLONIA
34066	2011-07-31	1	1.0	25.79261	-100.304215	66050.0	GENERAL ESCOBEDO	LOS ELIZONDO	COLONIA
34066	2011-09-25	1	1.0	25.792535	-100.303617	66050.0	GENERAL ESCOBEDO	LOS ELIZONDO	COLONIA
34066	2011-10-30	1	1.0	25.792535	-100.303617	66050.0	GENERAL ESCOBEDO	LOS ELIZONDO	COLONIA
34079	2011-12-11	1	1.0	25.814019	-100.272632	66052.0	GENERAL ESCOBEDO	NUEVA CASTILLA	COLONIA
34093	2011-10-16	1	1.0	25.778293	-100.289655	66054.0	GENERAL ESCOBEDO	PUERTA DEL NORTE	RANCHO O RANCHERIA
34117	2011-08-21	1	1.0	25.779174	-100.316827	66055.0	GENERAL ESCOBEDO	CELESTINO GASCA	COLONIA
34134	2011-08-07	1	1.0	25.79284	-100.317879	66057.0	GENERAL ESCOBEDO	TOPO GRANDE SUR	COLONIA
34161	2011-07-17	1	1.0	25.803929	-100.352596	66062.0	GENERAL ESCOBEDO	PARQUE INDUSTRIAL ESCOBEDO II	COLONIA
34161	2011-12-25	1	1.0	25.803929	-100.352596	66062.0	GENERAL ESCOBEDO	PARQUE INDUSTRIAL ESCOBEDO II	COLONIA
34191	2011-10-02	1	2.0	25.797805	-100.375643	66065.0	GENERAL ESCOBEDO	COLINAS DEL TOPO CHICO	COLONIA
34251	2011-12-25	1	1.0	25.712011	-100.194841	67110.0	GUADALUPE	PROVIVIENDA GUADALUPE	COLONIA
34253	2011-08-07	1	1.0	25.69338	-100.219285	67110.0	GUADALUPE	SAN RAFAEL	COLONIA
34270	2011-12-18	1	2.0	25.723596	-100.191922	67113.0	GUADALUPE	HACIENDA SAN MIGUEL	COLONIA
34271	2011-08-28	1	1.0	25.719862	-100.193256	67113.0	GUADALUPE	HDA SAN MIGUEL SECT JARDINES	COLONIA
34284	2011-09-18	1	2.0	25.717666	-100.197643	67114.0	GUADALUPE	REAL DE SAN MIGUEL 1ER SECT	FRACCIONAMIENTO
34298	2011-08-28	1	1.0	25.694883	-100.192417	67116.0	GUADALUPE	RIBERAS DE LA SILLA (FOMERREY 31)	COLONIA
34298	2011-10-30	1	1.0	25.694883	-100.192417	67116.0	GUADALUPE	RIBERAS DE LA SILLA (FOMERREY 31)	COLONIA
34298	2011-11-06	1	1.0	25.694883	-100.192417	67116.0	GUADALUPE	RIBERAS DE LA SILLA (FOMERREY 31)	COLONIA
34298	2011-11-20	1	1.0	25.694883	-100.192417	67116.0	GUADALUPE	RIBERAS DE LA SILLA (FOMERREY 31)	COLONIA
34298	2011-12-04	1	4.0	25.690052	-100.190334	67116.0	GUADALUPE	RIBERAS DE LA SILLA (FOMERREY 31)	COLONIA
34313	2011-12-11	1	1.0	25.728158	-100.199089	67117.0	GUADALUPE	ARBOLEDAS DEL ORIENTE	FRACCIONAMIENTO
34318	2011-09-25	1	7.0	25.695857	-100.211304	67118.0	GUADALUPE	LA FLORESTA	COLONIA
34366	2011-09-04	1	1.0	25.677463	-100.268247	67140.0	GUADALUPE	PARAISO	COLONIA
34380	2011-07-03	1	1.0	25.665018	-100.259643	67145.0	GUADALUPE	PUESTA DEL SOL	COLONIA
34391	2011-08-14	1	3.0	25.690593	-100.232241	67150.0	GUADALUPE	RES AZTECA	COLONIA
34431	2011-12-25	1	2.0	25.686984	-100.209134	67169.0	GUADALUPE	VALLE HERMOSO 2DO SECT	COLONIA
34435	2011-07-03	1	3.0	25.665048	-100.22548	67170.0	GUADALUPE	CAMINO REAL	COLONIA
34461	2011-07-10	1	2.0	25.653037	-100.263518	67173.0	GUADALUPE	COUNTRY LA SILLA	COLONIA
34461	2011-12-25	1	1.0	25.647005	-100.26743	67173.0	GUADALUPE	COUNTRY LA SILLA	COLONIA
34525	2011-08-07	1	4.0	25.659768	-100.210456	67180.0	GUADALUPE	VALLES DE LA SILLA	COLONIA
34527	2011-07-31	1	3.0	25.648208	-100.207451	67180.0	GUADALUPE	VILLA OLIMPICA	COLONIA
34536	2011-07-03	1	1.0	25.647047	-100.216949	67182.0	GUADALUPE	ARBOLEDAS DE LA SILLA	COLONIA
34575	2011-11-06	1	1.0	25.674794	-100.204625	67190.0	GUADALUPE	LOS LERMAS	COLONIA
34583	2011-11-06	1	1.0	25.657949	-100.189626	67190.0	GUADALUPE	NUEVO SANTA MARIA	COLONIA
34603	2011-09-18	1	2.0	25.635626	-100.18552	67190.0	GUADALUPE	TIERRA PROPIA SECT 1	COLONIA
34615	2011-12-11	1	4.0	25.669447	-100.137511	67190.0	GUADALUPE	31 DE DICIEMBRE	COLONIA
34622	2011-11-13	1	1.0	25.643188	-100.200795	67192.0	GUADALUPE	MOLINO DEL REY	COLONIA
34630	2011-10-09	1	1.0	25.65174	-100.1863	67193.0	GUADALUPE	JARDINES DE ANDALUCIA	COLONIA
34632	2011-09-11	1	1.0	25.65607300000001	-100.183983	67193.0	GUADALUPE	RINCON DE GUADALUPE	COLONIA
34647	2011-11-27	1	1.0	25.652861	-100.169801	67195.0	GUADALUPE	VALLE DE SOFIA	COLONIA
34650	2011-07-10	1	1.0	25.648909	-100.171376	67195.0	GUADALUPE	HACIENDA LA SILLA	COLONIA
34713	2011-12-25	1	2.0	25.647326	-100.094528	67250.0	JUÃREZ	BENITO JUAREZ CENTRO	COLONIA
34719	2011-08-07	1	2.0	25.666594	-100.104074	67254.0	JUÃREZ	LOMAS DEL SOL	FRACCIONAMIENTO
34760	2011-07-31	1	1.0	25.645859	-100.103989	67267.0	JUÃREZ	FRACC FUENTES DE JUAREZ	COLONIA
34768	2011-07-17	1	1.0	25.64716	-100.138817	67277.0	JUÃREZ	AMERICA UNIDA	COLONIA
34786	2011-08-28	1	1.0	25.619704	-100.173855	67286.0	JUÃREZ	LOMAS DE SANTA MONICA 1RA SECC	FRACCIONAMIENTO
34802	2011-11-20	1	2.0	25.616293	-100.139743	67289.0	JUÃREZ	MONTE KRISTAL	COLONIA
34887	2011-09-18	1	1.0	25.87652000000001	-100.027537	66700.0	MARÃN	TAMPIQUITO	GRANJA
34955	2011-07-03	2	2.0	25.681137	-100.305176	64000.0	MONTERREY	CENTRO DE MONTERREY	COLONIA
34955	2011-07-10	1	1.0	25.681872	-100.302815	64000.0	MONTERREY	CENTRO DE MONTERREY	COLONIA
34955	2011-07-17	1	1.0	25.680538	-100.322428	64000.0	MONTERREY	CENTRO DE MONTERREY	COLONIA
34955	2011-08-21	2	3.0	25.679087	-100.308437	64000.0	MONTERREY	CENTRO DE MONTERREY	COLONIA
34955	2011-08-28	1	1.0	25.674175	-100.318437	64000.0	MONTERREY	CENTRO DE MONTERREY	COLONIA
34955	2011-09-18	1	3.0	25.673211	-100.309201	64000.0	MONTERREY	CENTRO DE MONTERREY	COLONIA
34955	2011-10-02	1	1.0	25.67259	-100.332298	64000.0	MONTERREY	CENTRO DE MONTERREY	COLONIA
34955	2011-11-27	2	2.0	25.676005	-100.321119	64000.0	MONTERREY	CENTRO DE MONTERREY	COLONIA
34955	2011-12-04	2	3.0	25.668461	-100.314338	64000.0	MONTERREY	CENTRO DE MONTERREY	COLONIA
34955	2011-12-18	2	3.0	25.673211	-100.309201	64000.0	MONTERREY	CENTRO DE MONTERREY	COLONIA
34960	2011-09-18	1	2.0	25.682559	-100.350468	64020.0	MONTERREY	GONZALITOS	COLONIA
34961	2011-11-06	1	1.0	25.682936	-100.334723	64030.0	MONTERREY	LOMAS	COLONIA
34968	2011-08-28	1	1.0	25.670308	-100.346031	64060.0	MONTERREY	OBISPADO	COLONIA
34968	2011-11-27	1	1.0	25.66876	-100.338145	64060.0	MONTERREY	OBISPADO	COLONIA
35009	2011-10-23	1	1.0	25.75397	-100.376459	64107.0	MONTERREY	SAN BERNABE FOMERREY 25	COLONIA
35009	2011-11-20	1	2.0	25.75397	-100.376459	64107.0	MONTERREY	SAN BERNABE FOMERREY 25	COLONIA
35020	2011-07-17	1	9.0	25.748056	-100.383015	64116.0	MONTERREY	LOMAS DE CUMBRES	FRACCIONAMIENTO
35025	2011-09-18	1	6.0	25.74382300000001	-100.38032	64119.0	MONTERREY	FIDEL VELAZQUEZ	COLONIA
35028	2011-08-07	1	2.0	25.736173	-100.356196	64140.0	MONTERREY	LOMAS MODELO	UNIDAD HABITACIONAL
35050	2011-11-06	1	1.0	25.726931	-100.349212	64166.0	MONTERREY	AZTLAN	UNIDAD HABITACIONAL
35067	2011-08-28	1	1.0	25.71475	-100.342071	64190.0	MONTERREY	CENTRAL	COLONIA
35092	2011-10-09	1	1.0	25.766484	-100.361298	64218.0	MONTERREY	BENITO JUAREZ I	COLONIA
35096	2011-11-20	1	2.0	25.774941	-100.361556	64219.0	MONTERREY	TIRO AL BLANCO	COLONIA
35102	2011-07-17	1	1.0	25.751771	-100.356105	64228.0	MONTERREY	FRANCISCO VILLA	COLONIA
35102	2011-08-28	1	1.0	25.746803	-100.354	64228.0	MONTERREY	FRANCISCO VILLA	COLONIA
35102	2011-09-11	1	1.0	25.748219	-100.352802	64228.0	MONTERREY	FRANCISCO VILLA	COLONIA
35102	2011-10-09	1	1.0	25.748219	-100.352802	64228.0	MONTERREY	FRANCISCO VILLA	COLONIA
35102	2011-10-30	1	1.0	25.748219	-100.352802	64228.0	MONTERREY	FRANCISCO VILLA	COLONIA
35125	2011-09-18	1	19.0	25.743356	-100.341509	64249.0	MONTERREY	TIERRA Y LIBERTAD SECT NORTE	COLONIA
35161	2011-10-02	1	1.0	25.745786	-100.3232	64269.0	MONTERREY	LAZARO CARDENAS	COLONIA
35162	2011-10-02	1	1.0	25.724833	-100.342931	64270.0	MONTERREY	SIMON BOLIVAR	COLONIA
35164	2011-09-11	1	2.0	25.723111	-100.336489	64270.0	MONTERREY	SAN JOSE	COLONIA
35169	2011-12-18	1	2.0	25.708256	-100.320322	64290.0	MONTERREY	HIDALGO	COLONIA
35171	2011-08-14	1	1.0	25.706847	-100.314452	64290.0	MONTERREY	REGINA	COLONIA
35172	2011-12-04	1	1.0	25.686223	-100.317814	64299.0	MONTERREY	INDUSTRIAL	FRACCIONAMIENTO
35178	2011-07-10	1	1.0	25.710743	-100.346983	64320.0	MONTERREY	MITRAS NORTE	COLONIA
35178	2011-11-06	1	1.0	25.718647	-100.342705	64320.0	MONTERREY	MITRAS NORTE	COLONIA
35178	2011-12-25	1	1.0	25.710743	-100.346983	64320.0	MONTERREY	MITRAS NORTE	COLONIA
35213	2011-07-24	1	1.0	25.728622	-100.371244	64360.0	MONTERREY	VALLE VERDE SECT 1	COLONIA
35243	2011-11-20	1	1.0	25.691884	-100.314008	64450.0	MONTERREY	15 DE MAYO	COLONIA
35250	2011-11-06	1	3.0	25.686736	-100.314864	64490.0	MONTERREY	SARABIA	COLONIA
35261	2011-10-02	1	1.0	25.701272	-100.300687	64520.0	MONTERREY	CEMENTOS	RESIDENCIAL
35261	2011-11-06	1	3.0	25.701272	-100.300687	64520.0	MONTERREY	CEMENTOS	RESIDENCIAL
35264	2011-07-03	1	1.0	25.695423	-100.295071	64530.0	MONTERREY	MODERNA	COLONIA
35264	2011-08-28	1	1.0	25.698946	-100.286656	64530.0	MONTERREY	MODERNA	COLONIA
35264	2011-09-11	2	2.0	25.698946	-100.286656	64530.0	MONTERREY	MODERNA	COLONIA
35264	2011-10-09	1	1.0	25.704413	-100.281747	64530.0	MONTERREY	MODERNA	COLONIA
35271	2011-10-09	1	2.0	25.692198	-100.263167	64540.0	MONTERREY	LOS FRESNOS	COLONIA
35279	2011-07-03	1	1.0	25.691732	-100.304803	64550.0	MONTERREY	ASARCO	COLONIA
35279	2011-09-25	1	2.0	25.690977	-100.301032	64550.0	MONTERREY	ASARCO	COLONIA
35282	2011-07-03	1	2.0	25.691347	-100.280345	64560.0	MONTERREY	NUEVA MADERO	COLONIA
35282	2011-11-20	1	1.0	25.691347	-100.280345	64560.0	MONTERREY	NUEVA MADERO	COLONIA
35283	2011-12-11	1	1.0	25.691994	-100.274673	64560.0	MONTERREY	VENUSTIANO CARRANZA	COLONIA
35285	2011-08-07	1	1.0	25.687325	-100.310841	64570.0	MONTERREY	TREVIÃO	COLONIA
35289	2011-07-10	1	1.0	25.68369	-100.2917	64580.0	MONTERREY	PABLO A DE LA GARZA	COLONIA
35289	2011-10-30	1	1.0	25.6847	-100.291565	64580.0	MONTERREY	PABLO A DE LA GARZA	COLONIA
35289	2011-11-13	1	1.0	25.683245	-100.286305	64580.0	MONTERREY	PABLO A DE LA GARZA	COLONIA
35290	2011-08-14	1	20.0	25.682403	-100.275064	64590.0	MONTERREY	FIERRO	COLONIA
35325	2011-08-28	1	2.0	25.688887	-100.371409	64634.0	MONTERREY	VALLE DE SAN JERONIMO	COLONIA
35339	2011-10-09	1	1.0	25.689474	-100.376271	64637.0	MONTERREY	RINCON DE SAN JERONIMO	COLONIA
35350	2011-08-07	1	1.0	25.677076	-100.35234	64640.0	MONTERREY	SAN JERONIMO	COLONIA
35362	2011-08-14	1	1.0	25.666459	-100.297709	64700.0	MONTERREY	NUEVO CROC INFONAVIT	COLONIA
35376	2011-07-24	1	2.0	25.656711	-100.325303	64720.0	MONTERREY	INDEPENDENCIA	FRACCIONAMIENTO
35376	2011-08-28	1	1.0	25.657192	-100.311994	64720.0	MONTERREY	INDEPENDENCIA	FRACCIONAMIENTO
35376	2011-10-02	1	3.0	25.65872	-100.317516	64720.0	MONTERREY	INDEPENDENCIA	FRACCIONAMIENTO
35376	2011-11-13	1	1.0	25.65872	-100.317516	64720.0	MONTERREY	INDEPENDENCIA	FRACCIONAMIENTO
35376	2011-12-11	1	19.0	25.65872	-100.317516	64720.0	MONTERREY	INDEPENDENCIA	FRACCIONAMIENTO
35380	2011-07-31	1	1.0	25.644273	-100.306528	64730.0	MONTERREY	LA PEDRERA	COLONIA
35380	2011-11-06	1	1.0	25.642851	-100.312235	64730.0	MONTERREY	LA PEDRERA	COLONIA
35384	2011-07-17	1	1.0	25.647968	-100.307064	64730.0	MONTERREY	ARTURO B DE LA GARZA	COLONIA
35384	2011-08-21	1	1.0	25.649859	-100.308397	64730.0	MONTERREY	ARTURO B DE LA GARZA	COLONIA
35384	2011-08-28	1	1.0	25.650579	-100.307772	64730.0	MONTERREY	ARTURO B DE LA GARZA	COLONIA
35384	2011-09-04	1	1.0	25.649859	-100.308397	64730.0	MONTERREY	ARTURO B DE LA GARZA	COLONIA
35384	2011-11-13	2	3.0	25.649859	-100.308397	64730.0	MONTERREY	ARTURO B DE LA GARZA	COLONIA
35392	2011-10-02	1	1.0	25.647107	-100.307407	64745.0	MONTERREY	HERIBERTO JARA	COLONIA
35395	2011-09-11	1	3.0	25.641488	-100.304103	64750.0	MONTERREY	ALTAMIRA	COLONIA
35407	2011-07-31	1	1.0	25.63758	-100.299489	64760.0	MONTERREY	CERRO DE CAMPANA	COLONIA
35412	2011-09-25	1	1.0	25.635662	-100.293724	64769.0	MONTERREY	BUROCRATAS MUNICIPALES	COLONIA
35425	2011-07-03	1	1.0	25.626553	-100.291915	64790.0	MONTERREY	VALLE DEL MARQUEZ	COLONIA
35436	2011-11-13	1	2.0	25.616506	-100.278697	64799.0	MONTERREY	TORRE BRISAS	COLONIA
35442	2011-08-07	1	2.0	25.667097	-100.284448	64800.0	MONTERREY	BUENOS AIRES	COLONIA
35445	2011-07-03	1	5.0	25.66025	-100.295949	64810.0	MONTERREY	RES FLORIDA	FRACCIONAMIENTO
35447	2011-07-31	1	1.0	25.668683	-100.29273	64810.0	MONTERREY	CARACOL	FRACCIONAMIENTO
35447	2011-09-04	1	2.0	25.667764	-100.29125	64810.0	MONTERREY	CARACOL	FRACCIONAMIENTO
35450	2011-09-18	1	1.0	25.662287	-100.27754	64820.0	MONTERREY	NUEVA RES ESPAÃOLA	FRACCIONAMIENTO
35454	2011-12-18	1	2.0	25.663452	-100.281747	64820.0	MONTERREY	JARDIN ESPAÃOL	FRACCIONAMIENTO
35458	2011-12-25	1	1.0	25.64786	-100.274847	64830.0	MONTERREY	PRIMAVERA	COLONIA
35460	2011-08-21	1	1.0	25.659864	-100.276594	64830.0	MONTERREY	LADRILLERA	COLONIA
35461	2011-07-03	1	1.0	25.653055	-100.277324	64830.0	MONTERREY	LTH	COLONIA
35464	2011-08-14	1	1.0	25.641291	-100.286063	64840.0	MONTERREY	NUEVA ESPAÃA	COLONIA
35465	2011-10-02	1	10.0	25.645938	-100.286305	64840.0	MONTERREY	ALTAVISTA	COLONIA
35465	2011-10-16	1	1.0	25.645435	-100.290932	64840.0	MONTERREY	ALTAVISTA	COLONIA
35478	2011-07-10	1	2.0	25.629058	-100.273172	64860.0	MONTERREY	CONTRY	COLONIA
35478	2011-07-24	1	4.0	25.629339	-100.2755	64860.0	MONTERREY	CONTRY	COLONIA
35481	2011-07-24	1	1.0	25.616132	-100.270704	64870.0	MONTERREY	SAN ANGEL SUR	COLONIA
35482	2011-11-13	1	1.0	25.618404	-100.267023	64878.0	MONTERREY	SAN ANGEL	COLONIA
35488	2011-08-14	1	3.0	25.605347	-100.267797	64890.0	MONTERREY	CORTIJO DEL RIO	COLONIA
35496	2011-08-28	1	2.0	25.629087	-100.299132	64909.0	MONTERREY	EMPLEADOS SFEO	COLONIA
35506	2011-12-11	1	1.0	25.610842	-100.271015	64950.0	MONTERREY	MEDEROS	COLONIA
35524	2011-07-31	1	1.0	25.577682	-100.243731	64984.0	MONTERREY	FRACCIONAMIENTO LA RIOJA	COLONIA
35524	2011-09-11	1	1.0	25.576511	-100.237541	64984.0	MONTERREY	FRACCIONAMIENTO LA RIOJA	COLONIA
35524	2011-10-09	1	2.0	25.58193	-100.243979	64984.0	MONTERREY	FRACCIONAMIENTO LA RIOJA	COLONIA
35524	2011-12-11	1	1.0	25.578447	-100.244408	64984.0	MONTERREY	FRACCIONAMIENTO LA RIOJA	COLONIA
35530	2011-07-10	1	2.0	25.578192	-100.248752	64984.0	MONTERREY	FRACC LAS ESTANCIAS	COLONIA
35534	2011-07-03	1	1.0	25.549624	-100.224292	64986.0	MONTERREY	EL URO	COLONIA
35534	2011-08-14	1	1.0	25.549624	-100.224292	64986.0	MONTERREY	EL URO	COLONIA
35545	2011-10-02	1	1.0	25.587607	-100.253858	64988.0	MONTERREY	JARDINES DE LA ESTANZUELA	UNIDAD HABITACIONAL
35545	2011-11-13	1	1.0	25.587607	-100.253858	64988.0	MONTERREY	JARDINES DE LA ESTANZUELA	UNIDAD HABITACIONAL
35588	2011-07-17	1	1.0	25.785	-100.051111	66650.0	PESQUERÃA	PESQUERIA	VILLA
35588	2011-08-14	1	3.0	25.785	-100.051111	66650.0	PESQUERÃA	PESQUERIA	VILLA
35588	2011-08-21	1	1.0	25.785	-100.051111	66650.0	PESQUERÃA	PESQUERIA	VILLA
35588	2011-08-28	1	1.0	25.785	-100.051111	66650.0	PESQUERÃA	PESQUERIA	VILLA
35588	2011-09-11	1	1.0	25.785	-100.051111	66650.0	PESQUERÃA	PESQUERIA	VILLA
35588	2011-09-25	1	2.0	25.788724	-100.041933	66650.0	PESQUERÃA	PESQUERIA	VILLA
35588	2011-10-09	1	1.0	25.785	-100.051111	66650.0	PESQUERÃA	PESQUERIA	VILLA
35638	2011-07-17	1	2.0	25.758414	-100.286885	66400.0	SAN NICOLÃS DE LOS GARZA	CENTRO DE SAN NICOLAS DE LOS GARZA	COLONIA
35640	2011-12-04	1	7.0	25.754251	-100.276809	66410.0	SAN NICOLÃS DE LOS GARZA	MIRAFLORES	COLONIA
35694	2011-09-18	1	1.0	25.760474	-100.318308	66422.0	SAN NICOLÃS DE LOS GARZA	BALCONES DE ANAHUAC	FRACCIONAMIENTO
35710	2011-07-24	1	2.0	25.748376	-100.276122	66430.0	SAN NICOLÃS DE LOS GARZA	FRANCISCO VILLA	COLONIA
35788	2011-07-31	1	4.0	25.728941	-100.309689	66455.0	SAN NICOLÃS DE LOS GARZA	CIUDAD UNIVERSITARIA	COLONIA
35837	2011-11-06	1	4.0	25.715206	-100.219688	66470.0	SAN NICOLÃS DE LOS GARZA	MIGUEL ALEMAN	AMPLIACION
35851	2011-09-11	1	3.0	25.713983	-100.214633	66473.0	SAN NICOLÃS DE LOS GARZA	LA TALAVERNA	RESIDENCIAL
35869	2011-12-11	1	1.0	25.726445	-100.240366	66476.0	SAN NICOLÃS DE LOS GARZA	LOS REALES	COLONIA
35915	2011-07-03	1	1.0	25.711842	-100.281916	66480.0	SAN NICOLÃS DE LOS GARZA	VALLE DE NOGALAR	COLONIA
35937	2011-11-20	1	3.0	25.717894	-100.260273	66490.0	SAN NICOLÃS DE LOS GARZA	CONSTITUYENTES DE QUERETARO SECT 2	UNIDAD HABITACIONAL
35942	2011-11-06	1	5.0	25.708092	-100.267711	66490.0	SAN NICOLÃS DE LOS GARZA	FRANCISCO GARZA SADA	UNIDAD HABITACIONAL
35945	2011-10-02	1	3.0	25.710499	-100.247036	66490.0	SAN NICOLÃS DE LOS GARZA	NUEVO MUNDO SECT 2	UNIDAD HABITACIONAL
35957	2011-08-07	1	1.0	25.713302	-100.257033	66496.0	SAN NICOLÃS DE LOS GARZA	FIDEL VELAZQUEZ SECT 2	COLONIA
35959	2011-08-14	1	1.0	25.71412	-100.242747	66496.0	SAN NICOLÃS DE LOS GARZA	HACIENDA LOS MORALES SECT 3	COLONIA
35969	2011-11-20	1	1.0	25.726466	-100.255368	66499.0	SAN NICOLÃS DE LOS GARZA	LOS MEZQUITES	COLONIA
36001	2011-07-24	2	2.0	25.65878	-100.367446	66220.0	SAN PEDRO GARZA GARCÃA	DEL VALLE	COLONIA
36001	2011-10-30	1	2.0	25.659734	-100.369704	66220.0	SAN PEDRO GARZA GARCÃA	DEL VALLE	COLONIA
36037	2011-11-06	1	2.0	25.657949	-100.412228	66233.0	SAN PEDRO GARZA GARCÃA	SANTA ELENA	COLONIA
36250	2011-10-09	1	2.0	25.686629	-100.421605	66118.0	SANTA CATARINA	LA FAMA 3 (FOMERREY 123)	COLONIA
36266	2011-07-31	1	3.0	25.699356	-100.434545	66129.0	SANTA CATARINA	LA ERMITA	CONJUNTO HABITACIONA
36279	2011-08-14	1	1.0	25.674297	-100.437074	66150.0	SANTA CATARINA	LOS TREVIÃO	COLONIA
36329	2011-07-03	1	1.0	25.655105	-100.45186	66354.0	SANTA CATARINA	JOSE MARIA MORELOS	UNIDAD HABITACIONAL
36425	2011-07-03	1	1.0	25.700723	-100.466383	66368.0	SANTA CATARINA	RINCON DEL PONIENTE	COLONIA
36429	2011-08-07	1	1.0	25.698154	-100.468125	66368.0	SANTA CATARINA	PARQUE INDUSTRIAL LAS PALMAS	COLONIA
36449	2011-07-24	1	3.0	25.493953	-100.187502	67300.0	SANTIAGO	PARAJE DE LOS OSOS	CONGREGACION
36452	2011-07-17	1	2.0	25.506503	-100.193081	67300.0	SANTIAGO	FRACC EL FAISAN	CONGREGACION
36457	2011-08-21	1	1.0	25.486012	-100.174799	67302.0	SANTIAGO	MARROQUIN	FRACCIONAMIENTO
36459	2011-07-31	1	1.0	25.470119	-100.189937	67303.0	SANTIAGO	RANCHO SAN VICENTE	COLONIA
36459	2011-09-18	1	2.0	25.470119	-100.189937	67303.0	SANTIAGO	RANCHO SAN VICENTE	COLONIA
36459	2011-12-25	1	1.0	25.470119	-100.189937	67303.0	SANTIAGO	RANCHO SAN VICENTE	COLONIA
36463	2011-09-25	1	1.0	25.399655	-100.128178	67307.0	SANTIAGO	CONGREGACION SAN JOSE NORTE	CONGREGACION
36469	2011-09-25	1	1.0	25.406494	-100.161538	67312.0	SANTIAGO	DEL MAESTRO	COLONIA
36471	2011-07-24	1	1.0	25.429943	-100.147934	67312.0	SANTIAGO	SAN FRANCISCO	COLONIA
36471	2011-09-04	1	2.0	25.427617	-100.147934	67312.0	SANTIAGO	SAN FRANCISCO	COLONIA
36476	2011-08-07	1	1.0	25.457089	-100.16731	67315.0	SANTIAGO	CONDADO DE ASTURIAS	COLONIA
36484	2011-12-11	1	2.0	25.449889	-100.163683	67317.0	SANTIAGO	FRACC LA BOCA	FRACCIONAMIENTO
36488	2011-07-03	1	2.0	25.426964	-100.151683	67318.0	SANTIAGO	CONCEPCION SALAZAR	HACIENDA
36488	2011-07-10	1	1.0	25.426964	-100.151683	67318.0	SANTIAGO	CONCEPCION SALAZAR	HACIENDA
36488	2011-07-17	1	1.0	25.426964	-100.151683	67318.0	SANTIAGO	CONCEPCION SALAZAR	HACIENDA
36488	2011-07-31	1	2.0	25.426964	-100.151683	67318.0	SANTIAGO	CONCEPCION SALAZAR	HACIENDA
36488	2011-10-23	1	1.0	25.426964	-100.151683	67318.0	SANTIAGO	CONCEPCION SALAZAR	HACIENDA
36502	2011-07-10	1	3.0	25.389396	-100.120296	67323.0	SANTIAGO	SAN JOSE DE ARRIBA	COLONIA
