Año,Fecha,Latitud,Longitud,Título de la Noticia,Muertos,URL
2015,2015-10-12,25.617672,-100.259318,Persiguen y ejecutan a hombre,1.0,http://www.elnorte.com/aplicaciones/articulo/default.aspx?id=666369
2015,2015-10-02,25.6320746,-100.2860881,Ejecutan a uno en plaza en Garza Sada,1.0,http://www.elnorte.com/aplicaciones/articulo/default.aspx?id=658076&v=4
2015,2015-10-01,25.675784,-100.475788,Lo ejecutan frente a su casa,1.0,http://www.elnorte.com/aplicaciones/articulo/default.aspx?id=657523&v=2
2015,2015-09-24,25.657586,-100.322029,Lo esperan para ejecutarlo,1.0,http://www.elnorte.com/aplicaciones/articulo/default.aspx?id=651347&v=2
2015,2015-09-24,25.683207,-100.30565,Matan a 2 clientes en ataque 13 a bar,2.0,http://www.elnorte.com/aplicaciones/articulo/default.aspx?id=651338&v=3
2015,2015-09-23,25.777561,-100.410404,Asesinan a ex reo de tres balazos,1.0,http://www.elnorte.com/aplicaciones/articulo/default.aspx?id=649810
2015,2015-09-18,25.702387,-100.3308447,Ejecutan a uno en la Col. Garza Nieto,1.0,http://www.elnorte.com/aplicaciones/articulo/default.aspx?id=645906
2015,2015-09-05,25.5847733,-100.2354798,Ejecutan a joven tras persecuci&#243;n,1.0,http://www.elnorte.com/aplicaciones/articulo/default.aspx?id=635053
2015,2015-09-05,25.6913472,-100.2803447,Lo acribillan desde un veh&#237;culo,1.0,http://www.elnorte.com/aplicaciones/articulo/default.aspx?id=635075
2015,2015-09-07,25.801002,-100.053654,Torturan y ejecutan a dos en Pesquer&#237;a,2.0,http://www.elnorte.com/aplicaciones/articulo/default.aspx?id=636488&v=3
2015,2015-09-29,25.8027,-100.604299,Torturan ejecutan y lo tiran de taxi,1.0,http://www.elnorte.com/aplicaciones/articulo/default.aspx?id=656290
2015,2015-09-04,25.790622,-100.422774,Hallan a ejecutado en brecha de Garc&#237;a,1.0,http://www.elnorte.com/aplicaciones/articulo/default.aspx?id=634445&v=4
2015,2015-09-04,25.827252,-100.634067,Indagan muerte de un hombre,1.0,http://www.elnorte.com/aplicaciones/articulo/default.aspx?id=634291&v=2
2015,2015-09-09,25.547818,-100.008008,Ejecutan a trailero en Cadereyta,1.0,http://www.elnorte.com/aplicaciones/articulo/default.aspx?id=637938
2015,2015-08-14,25.616893,-100.141144,Muere taxista baleado en hospital,1.0,http://www.elnorte.com/aplicaciones/articulo/default.aspx?id=617290&v=2
2015,2015-08-28,25.734617,-100.345805,Le cierran el paso y lo acribillan,1.0,http://www.elnorte.com/aplicaciones/articulo/default.aspx?id=628797
2015,2015-08-25,25.708184,-100.269445,Acribillan a pareja y a su hijo,3.0,http://www.elnorte.com/aplicaciones/articulo/default.aspx?id=625821&v=4
2015,2015-08-24,25.687205,-100.323272,Muere quemado; ten&#237;a antecedentes,1.0,http://www.elnorte.com/aplicaciones/articulo/default.aspx?id=624302
2015,2015-08-21,25.705329,-100.281293,Abaten a ladr&#243;n de autos,1.0,http://www.elnorte.com/aplicaciones/articulo/default.aspx?id=622164&v=6
2015,2015-08-21,25.787071,-100.381679,Hallan a asesinado en Ciudad Solidaridad,1.0,http://www.elnorte.com/aplicaciones/articulo/default.aspx?id=622106&v=5
2015,2015-08-15,25.759746,-100.385995,Ejecutan a guardia de table,1.0,http://www.elnorte.com/aplicaciones/articulo/default.aspx?id=617189&v=2
2015,2015-08-14,25.729691,-100.324588,Paseaba al perro cuando lo matan,1.0,http://www.elnorte.com/aplicaciones/articulo/default.aspx?id=617085&v=2
2015,2015-08-10,25.625582,-100.299418,Ejecutan a cliente de un restaurante,1.0,http://www.elnorte.com/aplicaciones/articulo/default.aspx?id=613196&v=3
2015,2015-08-05,25.690509,-100.319564,Ejecutan a menor a balazos,1.0,http://www.elnorte.com/aplicaciones/articulo/default.aspx?id=609440&v=2
2015,2015-08-14,25.655434,-100.21387,Dejan a ejecutado en camioneta robada,1.0,http://www.elnorte.com/aplicaciones/articulo/default.aspx?id=617085&v=2
2015,2015-08-26,25.760052,-100.236395,Hallan ejecutado a ladr&#243;n en Apodaca,1.0,http://www.elnorte.com/aplicaciones/articulo/default.aspx?id=626691&v=2
2015,2015-08-14,25.674498,-100.419792,Dan a tr&#225;nsito el tiro de gracia,1.0,http://www.elnorte.com/aplicaciones/articulo/default.aspx?id=617081&v=3
2015,2015-08-04,25.433437,-100.115214,Ejecutan a pap&#225; de comandante,1.0,http://www.elnorte.com/aplicaciones/articulo/default.aspx?id=608485&v=3
2015,2015-08-21,25.560929,-100.011484,Ejecutan a menor de 14 a&#241;os,1.0,http://www.elnorte.com/aplicaciones/articulo/default.aspx?id=622106&v=5
2015,2015-07-28,25.656898,-100.32547,Ejecutan a un joven al tercer intento,1.0,http://www.elnorte.com/aplicaciones/articulo/default.aspx?id=602870&v=2
2015,2015-07-30,25.783142,-100.31592,Lo ejecutan tras patearlo,1.0,http://www.elnorte.com/aplicaciones/articulo/default.aspx?id=604821&v=2
2015,2015-06-15,25.6869585,-100.2803447,Ejecutan a 2 en Pablo A. de la Garza,2.0,http://www.elnorte.com/aplicaciones/articulo/default.aspx?id=566762&v=2
2015,2015-06-01,25.7815621,-100.1875974,Acribillan a tortillero en Apodaca,1.0,http://www.elnorte.com/aplicaciones/articulo/default.aspx?id=554084&v=2
2015,2015-06-05,23.6773342,-100.1828301,Ocultan asesinatos de 2 decapitadas,2.0,http://www.elnorte.com/aplicaciones/articulo/default.aspx?id=557636&v=2
2015,2015-06-13,25.6685405,-100.4615679,Lo asesinan desde una camioneta,1.0,http://www.elnorte.com/aplicaciones/articulo/default.aspx?id=565231&v=2
2015,2015-06-12,25.5858931,-100.0244665,Torturan y ejecutan a un joven,1.0,http://www.elnorte.com/aplicaciones/articulo/default.aspx?id=565153&v=2
2015,2015-06-10,26.6597107,-99.9869346,Hallan 2 calcinados en Vallecillo,2.0,http://www.elnorte.com/aplicaciones/articulo/default.aspx?id=563133&v=2
2015,2015-06-15,27.2411648,-100.1334335,Ejecutan a hombre en An&#225;huac,1.0,http://www.elnorte.com/aplicaciones/articulo/default.aspx?id=566723&v=2
2015,2015-05-13,25.2241799,-99.2800831,Moviliza cad&#225;ver embolsado en canchas,1.0,http://www.elnorte.com/aplicaciones/articulo/default.aspx?id=539468&v=2
2015,2015-05-07,25.6516471,-100.1059194,Encuentran en llamas a un ejecutado,1.0,http://www.elnorte.com/aplicaciones/articulo/default.aspx?id=532834&v=2
2015,2015-05-04,25.6719416,-100.1402169,Encuentran a un ejecutado en Guadalupe,1.0,http://www.elnorte.com/aplicaciones/articulo/default.aspx?id=531152&v=2
2015,2015-05-11,25.8092806,-100.5899619,Hallan a hombre ejecutado en Garc&#237;a,1.0,http://www.elnorte.com/aplicaciones/articulo/default.aspx?id=537010&v=2
2015,2015-05-28,25.6685405,-100.4615679,Ejecutan a hombre en Santa Catarina,1.0,http://www.elnorte.com/aplicaciones/articulo/default.aspx?id=551897&v=2
2015,2015-05-27,25.6685405,-100.4615679,Lo matan a 3 d&#237;as de salir del Penal,1.0,http://www.elnorte.com/aplicaciones/articulo/default.aspx?id=550581&v=2
2015,2015-05-23,25.5858931,-100.0244665,Calientan Cadereyta balacera y ejecuci&#243;n,1.0,http://www.elnorte.com/aplicaciones/articulo/default.aspx?id=547580&v=2
2015,2015-05-01,25.5858931,-100.0244665,Hallan cad&#225;ver de soldador,1.0,http://www.elnorte.com/aplicaciones/articulo/default.aspx?id=529552&v=2
2015,2015-04-28,25.636347,-100.12727,Hallan en 3 bolsas cuerpo descuartizado,1.0,http://www.elnorte.com/aplicaciones/articulo/default.aspx?id=526902
2015,2015-04-20,25.716156,-100.262039,Disparan desde taxi; matan a 1,1.0,http://www.elnorte.com/aplicaciones/articulo/default.aspx?id=519565&v=3
2015,2015-04-27,25.656503,-100.324078,Fallece menor de 12 a&#241;os baleado,1.0,http://www.elnorte.com/aplicaciones/articulo/default.aspx?id=525847&v=2
2015,2015-04-26,25.621569,-100.264578,Disparan contra j&#243;venes y ejecutan a uno,1.0,http://www.elnorte.com/aplicaciones/articulo/default.aspx?id=525005&v=3
2015,2015-04-16,25.765005,-100.381143,Cazan sicarios a dos j&#243;venes,2.0,http://www.elnorte.com/aplicaciones/articulo/default.aspx?id=516647&v=2
2015,2015-04-06,25.739612,-100.349349,Acribillan sicarios a 3 en 6 horas,3.0,http://www.elnorte.com/aplicaciones/articulo/default.aspx?id=507680&v=3
2015,2015-04-06,25.710545,-100.17261,Acribillan sicarios a 3 en 6 horas,3.0,http://www.elnorte.com/aplicaciones/articulo/default.aspx?id=507680&v=3
2015,2015-04-06,25.762623,-100.157183,Acribillan sicarios a 3 en 6 horas,3.0,http://www.elnorte.com/aplicaciones/articulo/default.aspx?id=507680&v=3
2015,2015-04-15,25.81997,-100.296179,Hallan en Escobedo a mujer momificada,1.0,http://www.elnorte.com/aplicaciones/articulo/default.aspx?id=515543&v=2
2015,2015-04-20,25.926778,-100.36856,Ejecutan a plagiado tras cobrar rescate,1.0,http://www.elnorte.com/aplicaciones/articulo/default.aspx?id=519562&v=4
2015,2015-04-27,25.680683,-100.437793,Muere en el HU mesero baleado,1.0,http://www.elnorte.com/aplicaciones/articulo/default.aspx?id=525409
2015,2015-04-12,25.679533,-100.419078,Dejan a decapitado dentro de un auto,1.0,http://www.elnorte.com/aplicaciones/articulo/default.aspx?id=512587&v=3
2015,2015-04-11,25.688608,-100.41676,Ejecutan a joven en Santa Catarina,1.0,http://www.elnorte.com/aplicaciones/articulo/default.aspx?id=512057&v=2
2015,2015-04-30,25.599505,-99.994469,Matan en su casa a pastor cristiano,1.0,http://www.elnorte.com/aplicaciones/articulo/default.aspx?id=528977
2015,2015-04-29,25.598917,-99.983257,Tiran en Cadereyta a mec&#225;nico ejecutado,1.0,http://www.elnorte.com/aplicaciones/articulo/default.aspx?id=527873&v=2
2015,2015-03-10,25.633062,-100.097347,Tiran en lona a un ejecutado,1.0,http://www.elnorte.com/aplicaciones/articulo/default.aspx?id=484808&v=3
2015,2015-03-18,25.675571,-100.332562,Hallan a un ejecutado en cajuela de taxi,1.0,http://www.elnorte.com/aplicaciones/articulo/default.aspx?id=492292&v=5
2015,2015-03-14,25.6587204,-100.3175155,Levantan y ejecutan a m&#250;sico,1.0,http://www.elnorte.com/aplicaciones/articulo/default.aspx?id=489021
2015,2015-03-07,25.6920483,-100.3322478,Acribillan a joven en la 10 de Marzo,1.0,http://www.elnorte.com/aplicaciones/articulo/default.aspx?id=483294&v=2
2015,2015-03-19,25.806485,-100.091893,Aparece ejecutado joven en Pesquer&#237;a,1.0,http://www.elnorte.com/aplicaciones/articulo/default.aspx?id=493585
2015,2015-03-18,25.663708,-100.257257,Hallan cad&#225;ver enterrado en R&#237;o La Silla,1.0,http://www.elnorte.com/aplicaciones/articulo/default.aspx?id=491790&v=6
2015,2015-03-10,25.687303,-100.2340781,Lo asesinan desde un auto,1.0,http://www.elnorte.com/aplicaciones/articulo/default.aspx?id=484932&v=4
2015,2015-03-22,25.797334,-100.315398,Ejecutan a hombre en Escobedo,1.0,http://www.elnorte.com/aplicaciones/articulo/default.aspx?id=495600&v=4
2015,2015-03-14,25.7802165,-100.3161126,Encuentran a hombre muerto en camioneta,1.0,http://www.elnorte.com/aplicaciones/articulo/default.aspx?id=489042&v=2
2015,2015-03-22,25.685174,-100.492707,Ejecutan a hombre en Escobedo,1.0,http://www.elnorte.com/aplicaciones/articulo/default.aspx?id=495600&v=4
2015,2015-03-14,25.6685405,-100.4615679,Hallan cuerpo semienterrado en patio,1.0,http://www.elnorte.com/aplicaciones/articulo/default.aspx?id=488993&v=2
2015,2015-03-07,25.6320746,-100.2860881,Ejecutan a mujer,1.0,http://www.elnorte.com/aplicaciones/articulo/default.aspx?id=482933&v=2
2015,2015-02-23,25.76364,-100.260895,Lo rafaguean frente a su casa y muere,1.0,http://www.elnorte.com/aplicaciones/articulo/default.aspx?id=473700&v=2
2015,2015-02-23,25.63005,-100.30644,Va racha al alza; ahora matan a 3,3.0,http://www.elnorte.com/aplicaciones/articulo/default.aspx?id=472863
2015,2015-02-21,25.698051800000002,-100.3251964,Ejecutan otra vez en Bar Matehuala,1.0,http://www.elnorte.com/aplicaciones/articulo/default.aspx?id=470927&v=5
2015,2015-02-21,25.6768776,-100.2900361,Esconden hallazgo de decapitado,1.0,http://www.elnorte.com/aplicaciones/articulo/default.aspx?id=470989
2015,2015-02-20,25.7580391,-100.426662,Ejecutan a hombre en su domicilio,1.0,http://www.elnorte.com/aplicaciones/articulo/default.aspx?id=470583
2015,2015-02-02,25.72391,-100.345313,Matan a cabecilla de c&#233;lula del crimen,1.0,http://www.elnorte.com/aplicaciones/articulo/default.aspx?id=455004&v=2
2015,2015-02-05,25.645606,-100.162853,Desaparece alumna y la hallan ejecutada,1.0,http://www.elnorte.com/aplicaciones/articulo/default.aspx?id=458074&v=6
2015,2015-02-23,25.806083,-100.394708,Va racha al alza; ahora matan a 3,3.0,http://www.elnorte.com/aplicaciones/articulo/default.aspx?id=472863
2015,2015-02-06,25.799739,-100.617731,Hallan a enterrado en cerro,1.0,http://www.elnorte.com/aplicaciones/articulo/default.aspx?id=458927&v=2
2015,2015-02-23,25.702642,-100.456284,Va racha al alza; ahora matan a 3,3.0,http://www.elnorte.com/aplicaciones/articulo/default.aspx?id=472863
2015,2015-02-22,25.674072,-100.430211,Tiran a ejecutado en Santa Catarina,1.0,http://www.elnorte.com/aplicaciones/articulo/default.aspx?id=472014&v=2
2015,2015-02-19,25.585239,-99.9985729,Tras ejecuci&#243;n cae cabecilla,1.0,http://www.elnorte.com/aplicaciones/articulo/default.aspx?id=469597
2015,2015-02-18,27.2411648,-100.1334335,Hallan 3 cuerpos en An&#225;huac,3.0,http://www.elnorte.com/aplicaciones/articulo/default.aspx?id=468001&v=11
2015,2015-01-30,25.664161,-100.138452,Le cobran $500 luego lo acribillan,1.0,http://www.elnorte.com/aplicaciones/articulo/default.aspx?id=452993&v=4
2015,2015-01-06,25.72135771,-100.3533216,Hallan cuerpo calcinado en Col. Del Maestro,1.0,http://www.elnorte.com/aplicaciones/articulo/default.aspx?id=432808&v=4
2015,2015-01-04,25.663949,-100.291416,Balea a pap&#225; e hijos y causa muerte de 1,1.0,http://www.elnorte.com/aplicaciones/articulo/default.aspx?id=431973
2015,2015-01-04,25.788145,-100.380235,Ejecutan a conductor pistoleros en taxi,1.0,http://www.elnorte.com/aplicaciones/articulo/default.aspx?id=431978
2015,2015-01-27,25.76254,-100.166208,Acribillan a joven afuera de su casa,1.0,http://www.elnorte.com/aplicaciones/articulo/default.aspx?id=450230&v=6
2015,2015-01-30,25.804559,-100.278128,Ejecutan a 3 en minis&#250;per,3.0,http://www.elnorte.com/aplicaciones/articulo/default.aspx?id=453268&v=2
2015,2015-01-09,24.880308,-99.552301,Ejecutan a joven en taller,1.0,http://www.elnorte.com/aplicaciones/articulo/default.aspx?id=435856&v=4
2015,2015-01-31,25.677255,-100.412627,Ejecutan a joven en Santa Catarina,1.0,http://www.elnorte.com/aplicaciones/articulo/default.aspx?id=453769&v=4
2015,2015-01-25,25.702108,-100.458968,Los matan enfrente de su casa,2.0,http://www.elnorte.com/aplicaciones/articulo/default.aspx?id=448365&v=2
2015,2015-01-20,25.694891,-100.497941,Carga a su hija y lo ejecutan,1.0,http://www.elnorte.com/aplicaciones/articulo/default.aspx?id=444500&v=3
2015,2015-01-11,25.659153,-100.434544,Matan sicarios a 2 en Santa Catarina,2.0,http://www.elnorte.com/aplicaciones/articulo/default.aspx?id=437198&v=4
2015,2015-01-27,25.603208,-100.077843,Lo ejecutan c&#243;mplices por fallar como halc&#243;n,1.0,http://www.elnorte.com/aplicaciones/articulo/default.aspx?id=450071&v=3
2015,2015-10-24,25.61768,-100.25935,Alcanzan taxi y ejecutan a 2,2.0,https://www.elnorte.com/aplicacioneslibre/preacceso/articulo/default.aspx?id=677141&v=2&flow_type=paywall&urlredirect=https://www.elnorte.com/aplicaciones/articulo/default.aspx?id=677141&v=2&flow_type=paywall
2015,2015-10-29,25.6836728,-100.3264108,A él lo ejecutan; a ella la levantan,1.0,https://www.elnorte.com/aplicacioneslibre/preacceso/articulo/default.aspx?id=681393&v=6&flow_type=paywall&urlredirect=https://www.elnorte.com/aplicaciones/articulo/default.aspx?id=681393&v=6&flow_type=paywall
2015,2015-10-18,25.6883755,-100.3257195,Ejecutan a dos desde vehículos en marcha,2.0,https://www.elnorte.com/aplicacioneslibre/preacceso/articulo/default.aspx?id=671501&v=3&flow_type=paywall&urlredirect=https://www.elnorte.com/aplicaciones/articulo/default.aspx?id=671501&v=3&flow_type=paywall
2015,2015-10-18,25.7616268,-100.3714798,Ejecutan a dos desde vehículos en marcha,2.0,https://www.elnorte.com/aplicacioneslibre/preacceso/articulo/default.aspx?id=671501&v=3&flow_type=paywall&urlredirect=https://www.elnorte.com/aplicaciones/articulo/default.aspx?id=671501&v=3&flow_type=paywall
2015,2015-10-16,25.7659068,-100.364755,Asesinan a taxista,1.0,https://www.elnorte.com/aplicacioneslibre/preacceso/articulo/default.aspx?id=670273&v=2&flow_type=paywall&urlredirect=https://www.elnorte.com/aplicaciones/articulo/default.aspx?id=670273&v=2&flow_type=paywall
2015,2015-10-19,25.7591211,-100.1920355,Asesinan y queman a hombre maniatado,1.0,https://www.elnorte.com/aplicacioneslibre/preacceso/articulo/default.aspx?id=672260&v=3&flow_type=paywall&urlredirect=https://www.elnorte.com/aplicaciones/articulo/default.aspx?id=672260&v=3&flow_type=paywall
2015,2015-10-16,25.877287,-100.120931,Hallan en brecha a 2 ejecutados,2.0,https://www.elnorte.com/aplicacioneslibre/preacceso/articulo/default.aspx?id=670269&v=4&flow_type=paywall&urlredirect=https://www.elnorte.com/aplicaciones/articulo/default.aspx?id=670269&v=4&flow_type=paywall
2015,2015-10-29,25.662716,-99.249889,Matan a 2 en China; otros se salvan,2.0,https://www.elnorte.com/aplicacioneslibre/preacceso/articulo/default.aspx?id=681066&v=10&flow_type=paywall&urlredirect=https://www.elnorte.com/aplicaciones/articulo/default.aspx?id=681066&v=10&flow_type=paywall
2015,2015-10-17,25.706509,-99.239822,Entran a restaurante y ejecutan al dueño,1.0,https://www.elnorte.com/aplicacioneslibre/preacceso/articulo/default.aspx?id=670903&v=4&flow_type=paywall&urlredirect=https://www.elnorte.com/aplicaciones/articulo/default.aspx?id=670903&v=4&flow_type=paywall
2015,2015-12-06,25.788134,-99.168486,Asesinan a otro en General Bravo,1.0,https://www.elnorte.com/aplicacioneslibre/preacceso/articulo/default.aspx?id=713083&v=4&urlredirect=https://www.elnorte.com/aplicaciones/articulo/default.aspx?id=713083&v=4
2015,2015-12-06,26.07439,-99.203478,Abandonan camioneta con hombre ejecutado,1.0,https://www.elnorte.com/aplicacioneslibre/preacceso/articulo/default.aspx?id=713083&v=4&urlredirect=https://www.elnorte.com/aplicaciones/articulo/default.aspx?id=713083&v=4
2015,2015-12-30,25.563196,-100.024872,Lo torturan y ejecutan en Cadereyta,1.0,https://www.elnorte.com/aplicacioneslibre/preacceso/articulo/default.aspx?id=730732&urlredirect=https://www.elnorte.com/aplicaciones/articulo/default.aspx?id=730732
2015,2015-12-01,25.5867158,-100.0098857,Matan en casa a un ex policía,1.0,https://www.elnorte.com/aplicacioneslibre/preacceso/articulo/default.aspx?id=710372&v=4&urlredirect=https://www.elnorte.com/aplicaciones/articulo/default.aspx?id=710372&v=4
2015,2015-12-15,25.6648892,-100.0945886,Cumplen amenaza; ejecutan a una joven,1.0,https://www.elnorte.com/aplicacioneslibre/preacceso/articulo/default.aspx?id=721261&v=4&urlredirect=https://www.elnorte.com/aplicaciones/articulo/default.aspx?id=721261&v=4
2015,2015-12-31,25.7121515,-100.2716112,Hincan y matan a dos jóvenes,2.0,https://www.elnorte.com/aplicacioneslibre/preacceso/articulo/default.aspx?id=731235&v=3&urlredirect=https://www.elnorte.com/aplicaciones/articulo/default.aspx?id=731235&v=3
2016,2016-01-06,25.6828717,-100.4265403,Ejecutan a un joven al cenar en taquería,1.0,https://www.elnorte.com/aplicacioneslibre/preacceso/articulo/default.aspx?id=735202
2016,2016-01-09,25.6901218,-100.4208135,Arde enero: ahora desatan una masacre,5.0,https://www.elnorte.com/aplicacioneslibre/preacceso/articulo/default.aspx?id=737558&v=5
2016,2016-01-07,25.672447,-100.4027945,Lo mata a balazos un encapuchado,1.0,https://www.elnorte.com/aplicacioneslibre/preacceso/articulo/default.aspx?id=736195
2016,2016-01-19,25.7242041,-100.3294442,Lanzan de camioneta a hombre asesinado,1.0,https://www.elnorte.com/aplicacioneslibre/preacceso/articulo/default.aspx?id=745317
2016,2016-01-21,25.7548088,-100.374865,Lo alcanzan en auto para matarlo a tiros,1.0,https://www.elnorte.com/aplicacioneslibre/preacceso/articulo/default.aspx?id=747573
2016,2016-01-08,25.740914,-100.345029,Ejecutan a 4 en 4 horas,1.0,https://www.elnorte.com/aplicacioneslibre/preacceso/articulo/default.aspx?id=736989&v=3
2016,2016-01-08,25.7304573,-100.3605874,Ejecutan a 4 en 4 horas,2.0,https://www.elnorte.com/aplicacioneslibre/preacceso/articulo/default.aspx?id=736989&v=3
2016,2016-01-16,25.6579421,-100.320979,Muere mujer baleada,1.0,https://www.elnorte.com/aplicacioneslibre/preacceso/articulo/default.aspx?id=743024
2016,2016-01-04,25.6630694,-100.3199932,Acribillan a travesti en la Independencia,1.0,https://www.elnorte.com/aplicacioneslibre/preacceso/articulo/default.aspx?id=733439&v=2
2016,2016-01-08,25.684093,-100.3219834,Ejecutan a 4 en 4 horas,1.0,https://www.elnorte.com/aplicacioneslibre/preacceso/articulo/default.aspx?id=736989&v=3
2016,2016-01-13,25.6858899,-100.3198165,Ejecutan a portero de Bar La Eternidad,1.0,https://www.elnorte.com/aplicacioneslibre/preacceso/articulo/default.aspx?id=740678
2016,2016-01-23,25.6856239,-100.3140854,Ejecutan y hieren afuera de un bar,1.0,https://www.elnorte.com/aplicacioneslibre/preacceso/articulo/default.aspx?id=749107
2016,2016-01-13,25.581625,-100.017642,Lo asesinan tras levantón,1.0,https://www.elnorte.com/aplicacioneslibre/preacceso/articulo/default.aspx?id=739969
2016,2016-01-27,25.652807,-100.077886,Despiertan y matan a 2 mujeres en casa,2.0,https://www.elnorte.com/aplicacioneslibre/preacceso/articulo/default.aspx?id=751645
2016,2016-01-04,25.751833,-100.112907,"Sale de casa, lo balean y fallece",1.0,https://www.elnorte.com/aplicacioneslibre/preacceso/articulo/default.aspx?id=733435
2016,2016-01-27,25.799538,-100.137636,Tiran a asesinado en Apodaca,1.0,https://www.elnorte.com/aplicacioneslibre/preacceso/articulo/default.aspx?id=751901
2016,2016-01-04,25.801274,-100.049339,Lo matan y le dejan mensaje,1.0,https://www.elnorte.com/aplicacioneslibre/preacceso/articulo/default.aspx?id=733435
2016,2016-01-26,25.9304372,-100.1837271,Lo matan al salir de su depósito,1.0,https://www.elnorte.com/aplicacioneslibre/preacceso/articulo/default.aspx?id=750720&urlredirect=https://www.elnorte.com/aplicaciones/articulo/default.aspx?id=750720
2016,2016-01-21,25.958787,-100.168639,Ejecutan a joven y amigo sobrevive,1.0,https://www.elnorte.com/aplicacioneslibre/preacceso/articulo/default.aspx?id=746810&urlredirect=https://www.elnorte.com/aplicaciones/articulo/default.aspx?id=746810
2016,2016-01-04,25.687935,-99.240767,Asesinan a 2 en reunión,2.0,https://www.elnorte.com/aplicacioneslibre/preacceso/articulo/default.aspx?id=733441&urlredirect=https://www.elnorte.com/aplicaciones/articulo/default.aspx?id=733441
2016,2016-01-09,26.4959,-99.52382,Abaten a 2 en Parás y aseguran arsenal,2.0,https://www.elnorte.com/aplicacioneslibre/preacceso/articulo/default.aspx?id=737430&v=5&urlredirect=https://www.elnorte.com/aplicaciones/articulo/default.aspx?id=737430&v=5
2016,2016-02-28,25.442302,-100.151952,Balean a hombre en Santiago y fallece,1.0,https://www.elnorte.com/aplicacioneslibre/preacceso/articulo/default.aspx?id=779796&v=4&urlredirect=https://www.elnorte.com/aplicaciones/articulo/default.aspx?id=779796&v=4
2016,2016-02-29,25.6693835,-100.1420597,Tiran a ejecutado y le prenden fuego,1.0,https://www.elnorte.com/aplicacioneslibre/preacceso/articulo/default.aspx?id=780893&v=4&urlredirect=https://www.elnorte.com/aplicaciones/articulo/default.aspx?id=780893&v=4
2016,2016-02-29,25.7181257,-100.2529377,Fallece baleado frente a su pareja,1.0,https://www.elnorte.com/aplicacioneslibre/preacceso/articulo/default.aspx?id=780900&v=2&urlredirect=https://www.elnorte.com/aplicaciones/articulo/default.aspx?id=780900&v=2
2016,2016-02-04,25.7059115,-100.2726222,Entran a empresa y ejecutan a dueño,1.0,https://www.elnorte.com/aplicacioneslibre/preacceso/articulo/default.aspx?id=759178&urlredirect=https://www.elnorte.com/aplicaciones/articulo/default.aspx?id=759178
2016,2016-02-17,25.686617,-100.316063,Asesinan a ex trabajador de Pemex,1.0,https://www.elnorte.com/aplicacioneslibre/preacceso/articulo/default.aspx?id=769703&v=4&urlredirect=https://www.elnorte.com/aplicaciones/articulo/default.aspx?id=769703&v=4
2016,2016-02-11,25.72492,-100.34521,Atribuyen masacre a riña entre 2 narcos,,https://www.elnorte.com/aplicacioneslibre/preacceso/articulo/default.aspx?id=765373&urlredirect=https://www.elnorte.com/aplicaciones/articulo/default.aspx?id=765373
2016,2016-02-06,25.6675417,-100.4714691,Persiguen y ejecutan,1.0,https://www.elnorte.com/aplicacioneslibre/preacceso/articulo/default.aspx?id=760729&urlredirect=https://www.elnorte.com/aplicaciones/articulo/default.aspx?id=760729
2016,2016-02-21,25.7763931,-100.4379101,Tiran a ejecutado cerca de un cuartel,1.0,https://www.elnorte.com/aplicacioneslibre/preacceso/articulo/default.aspx?id=774021&v=3&urlredirect=https://www.elnorte.com/aplicaciones/articulo/default.aspx?id=774021&v=3
2016,2016-02-17,25.8042312,-100.3525771,Acribillan a hombre en depósito,1.0,https://www.elnorte.com/aplicacioneslibre/preacceso/articulo/default.aspx?id=770514&v=2&urlredirect=https://www.elnorte.com/aplicaciones/articulo/default.aspx?id=770514&v=2
2016,2016-02-13,25.8148675,-100.3516711,Matan a mujer en una brecha,1.0,https://www.elnorte.com/aplicacioneslibre/preacceso/articulo/default.aspx?id=766574&urlredirect=https://www.elnorte.com/aplicaciones/articulo/default.aspx?id=766574
2016,2016-02-05,25.9599773,-100.292949,Lo balean afuera de su casa,1.0,https://www.elnorte.com/aplicacioneslibre/preacceso/articulo/default.aspx?id=759401&urlredirect=https://www.elnorte.com/aplicaciones/articulo/default.aspx?id=759401
2016,2016-02-17,25.95808,-100.317536,Matan a balazos a supuesto halcón,1.0,https://www.elnorte.com/aplicacioneslibre/preacceso/articulo/default.aspx?id=769617&v=4&urlredirect=https://www.elnorte.com/aplicaciones/articulo/default.aspx?id=769617&v=4
2016,2016-02-05,26.033183,-100.5714032,Torturan y ejecutan a trailero en Mina,1.0,https://www.elnorte.com/aplicacioneslibre/preacceso/articulo/default.aspx?id=759615&urlredirect=https://www.elnorte.com/aplicaciones/articulo/default.aspx?id=759615
2016,2016-02-03,26.4909878,-99.7876082,Hallan hombre ejecutado en Vallecillo,1.0,https://www.elnorte.com/aplicacioneslibre/preacceso/articulo/default.aspx?id=758267&urlredirect=https://www.elnorte.com/aplicaciones/articulo/default.aspx?id=758267
2016,2016-02-13,25.6957771,-99.2392422,Matan sicarios a 3 en ataque a un bar,3.0,https://www.elnorte.com/aplicacioneslibre/preacceso/articulo/default.aspx?id=767004&urlredirect=https://www.elnorte.com/aplicaciones/articulo/default.aspx?id=767004
2016,2016-02-10,25.7188797,-99.2203815,Hallan a 2 ejecutados en China,2.0,https://www.elnorte.com/aplicacioneslibre/preacceso/articulo/default.aspx?id=764205&urlredirect=https://www.elnorte.com/aplicaciones/articulo/default.aspx?id=764205
2016,2016-02-16,23.6743475,-100.1742228,Ejecuta a dueño de cantina y a empleado,2.0,https://www.elnorte.com/aplicacioneslibre/preacceso/articulo/default.aspx?id=743019&urlredirect=https://www.elnorte.com/aplicaciones/articulo/default.aspx?id=743019
2016,2016-02-17,31.7243841,-106.48999,Lo ejecutan en departamento,1.0,https://www.elnorte.com/aplicacioneslibre/preacceso/articulo/default.aspx?id=770401&v=2&urlredirect=https://www.elnorte.com/aplicaciones/articulo/default.aspx?id=770401&v=2
2016,2016-03-20,25.785253,-100.602633,Hallan un ejecutado en cajuela de taxi,1.0,https://www.elnorte.com/aplicacioneslibre/preacceso/articulo/default.aspx?id=798988&v=2&urlredirect=https://www.elnorte.com/aplicaciones/articulo/default.aspx?id=798988&v=2
2016,2016-03-21,25.6677134,-100.4709003,Hallan indigente muerto con balazo,1.0,https://www.elnorte.com/aplicacioneslibre/preacceso/articulo/default.aspx?id=799582&urlredirect=https://www.elnorte.com/aplicaciones/articulo/default.aspx?id=799582
2016,2016-03-21,25.7307782,-100.3362914,Muere en hospital tras ser baleado,1.0,https://www.elnorte.com/aplicacioneslibre/preacceso/articulo/default.aspx?id=799133&v=2&urlredirect=https://www.elnorte.com/aplicaciones/articulo/default.aspx?id=799133&v=2
2016,2016-03-07,25.7846954,-100.2488586,Ejecutan sicarios a 2 tras persecución,2.0,https://www.elnorte.com/aplicacioneslibre/preacceso/articulo/default.aspx?id=787125&v=4&urlredirect=https://www.elnorte.com/aplicaciones/articulo/default.aspx?id=787125&v=4
2016,2016-03-20,25.587587,-100.2585265,Matan en Valle Alto a gerente de casino,1.0,https://www.elnorte.com/aplicacioneslibre/preacceso/articulo/default.aspx?id=798578&v=14&urlredirect=https://www.elnorte.com/aplicaciones/articulo/default.aspx?id=798578&v=14
2016,2016-03-14,25.686632,-100.087952,Ejecutan a 2 y les dejan un mensaje,2.0,https://www.elnorte.com/aplicacioneslibre/preacceso/articulo/default.aspx?id=793677&v=3&urlredirect=https://www.elnorte.com/aplicaciones/articulo/default.aspx?id=793677&v=3
2016,2016-03-28,25.672399,-99.252284,Ejecutan y entierran a 2 en una brecha,2.0,https://www.elnorte.com/aplicacioneslibre/preacceso/articulo/default.aspx?id=803811&v=4&urlredirect=https://www.elnorte.com/aplicaciones/articulo/default.aspx?id=803811&v=4
2016,2016-04-04,25.911609,-100.678288,Ejecutan y calcinan,1.0,https://www.elnorte.com/aplicacioneslibre/preacceso/articulo/default.aspx?id=810174&v=2&urlredirect=https://www.elnorte.com/aplicaciones/articulo/default.aspx?id=810174&v=2
2016,2016-04-29,25.810338,-100.428969,Matan a 2 a balazos y luego los calcinan,2.0,https://www.elnorte.com/aplicacioneslibre/preacceso/articulo/default.aspx?id=831926&v=2&urlredirect=https://www.elnorte.com/aplicaciones/articulo/default.aspx?id=831926&v=2
2016,2016-04-04,25.6833751,-100.3739449,Ejecutan a dos en San Jerónimo,2.0,https://www.elnorte.com/aplicacioneslibre/preacceso/articulo/default.aspx?id=810186&v=2&urlredirect=https://www.elnorte.com/aplicaciones/articulo/default.aspx?id=810186&v=2
2016,2016-04-04,25.655735,-100.330967,Plagian y sepultan a un taxista pirata,1.0,https://www.elnorte.com/aplicacioneslibre/preacceso/articulo/default.aspx?id=810127&v=7&urlredirect=https://www.elnorte.com/aplicaciones/articulo/default.aspx?id=810127&v=7
2016,2016-04-18,25.903956,-100.077697,Encuentran en Zuazua a ejecutado,1.0,https://www.elnorte.com/aplicacioneslibre/preacceso/articulo/default.aspx?id=822210&urlredirect=https://www.elnorte.com/aplicaciones/articulo/default.aspx?id=822210
2016,2016-04-17,25.72106,-100.163505,Matan a 9 en casa de Apodaca,9.0,https://www.elnorte.com/aplicacioneslibre/preacceso/articulo/default.aspx?id=821376&v=3&urlredirect=https://www.elnorte.com/aplicaciones/articulo/default.aspx?id=821376&v=3
2016,2016-04-17,25.6687872,-100.143439,Asesinan a balazos a 2 en fiesta,2.0,https://www.elnorte.com/aplicacioneslibre/preacceso/articulo/default.aspx?id=821378&v=4&urlredirect=https://www.elnorte.com/aplicaciones/articulo/default.aspx?id=821378&v=4
2016,2016-04-25,25.562003,-100.029159,Ejecutan a hombre y mujer en Cadereyta,2.0,https://www.elnorte.com/aplicacioneslibre/preacceso/articulo/default.aspx?id=828152&v=2&urlredirect=https://www.elnorte.com/aplicaciones/articulo/default.aspx?id=828152&v=2
2016,2016-04-11,24.822633,-100.073314,Tiran a ejecutado en arroyo,1.0,https://www.elnorte.com/aplicacioneslibre/preacceso/articulo/default.aspx?id=816107&urlredirect=https://www.elnorte.com/aplicaciones/articulo/default.aspx?id=816107
2016,2016-05-02,24.836621,-100.082706,Detienen a mujer y aparece ejecutada,1.0,https://www.elnorte.com/aplicacioneslibre/preacceso/articulo/default.aspx?id=833826&v=4&urlredirect=https://www.elnorte.com/aplicaciones/articulo/default.aspx?id=833826&v=4
2016,2016-05-09,25.646476,-100.359867,Matan en San Pedro a jefe de Ministerial,1.0,https://www.elnorte.com/aplicacioneslibre/preacceso/articulo/default.aspx?id=839841&v=7&urlredirect=https://www.elnorte.com/aplicaciones/articulo/default.aspx?id=839841&v=7
2016,2016-05-22,25.6942246,-100.4580178,Entran a casa para matarlo,1.0,https://www.elnorte.com/aplicacioneslibre/preacceso/articulo/default.aspx?id=850582&v=3&urlredirect=https://www.elnorte.com/aplicaciones/articulo/default.aspx?id=850582&v=3
2016,2016-05-07,25.6866393,-100.2239684,Sale de casa y lo matan,1.0,https://www.elnorte.com/aplicacioneslibre/preacceso/articulo/default.aspx?id=837909&v=4&urlredirect=https://www.elnorte.com/aplicaciones/articulo/default.aspx?id=837909&v=4
2016,2016-05-16,25.7895586,-100.4153744,Embolsan cadáver; lo lanzan de puente,1.0,https://www.elnorte.com/aplicacioneslibre/preacceso/articulo/default.aspx?id=844911&v=7&urlredirect=https://www.elnorte.com/aplicaciones/articulo/default.aspx?id=844911&v=7
2016,2016-05-08,25.797337,-100.238612,Torturan y matan a tatuado en Apodaca,1.0,https://www.elnorte.com/aplicacioneslibre/preacceso/articulo/default.aspx?id=839026&v=2&urlredirect=https://www.elnorte.com/aplicaciones/articulo/default.aspx?id=839026&v=2
2016,2016-05-09,25.9621368,-100.3031417,Libra la cárcel y lo matan a balazos,1.0,https://www.elnorte.com/aplicacioneslibre/preacceso/articulo/default.aspx?id=839896&urlredirect=https://www.elnorte.com/aplicaciones/articulo/default.aspx?id=839896
2016,2016-06-06,25.810101,-100.591906,Lo torturan y lo tiran frente a escuela,1.0,https://www.elnorte.com/aplicacioneslibre/preacceso/articulo/default.aspx?id=862637&v=7&urlredirect=https://www.elnorte.com/aplicaciones/articulo/default.aspx?id=862637&v=7
2016,2016-07-17,25.679273,-100.158191,Ejecutan a joven; huyen en un taxi,1.0,https://www.elnorte.com/aplicacioneslibre/preacceso/articulo/default.aspx?id=894960&v=3&urlredirect=https://www.elnorte.com/aplicaciones/articulo/default.aspx?id=894960&v=3
2016,2016-07-03,25.6655636,-100.2185431,Mata a hachazos a narcovendedor,1.0,https://www.elnorte.com/aplicacioneslibre/preacceso/articulo/default.aspx?id=884996&v=3&urlredirect=https://www.elnorte.com/aplicaciones/articulo/default.aspx?id=884996&v=3
2016,2016-07-31,25.658882,-100.330902,Ejecutan a otros dos en la Independencia,2.0,https://www.elnorte.com/aplicacioneslibre/preacceso/articulo/default.aspx?id=905619&v=2&urlredirect=https://www.elnorte.com/aplicaciones/articulo/default.aspx?id=905619&v=2
2016,2016-07-17,25.6817365,-100.4111471,Asesinan a hermano de policía sampetrino,1.0,https://www.elnorte.com/aplicacioneslibre/preacceso/articulo/default.aspx?id=895337&v=3&urlredirect=https://www.elnorte.com/aplicaciones/articulo/default.aspx?id=895337&v=3
2016,2016-07-10,25.7824652,-100.3728235,Ejecutan a taxista frente a su familia,1.0,https://www.elnorte.com/aplicacioneslibre/preacceso/articulo/default.aspx?id=890155&v=2&urlredirect=https://www.elnorte.com/aplicaciones/articulo/default.aspx?id=890155&v=2
2016,2016-07-10,25.917125,-100.181255,Hallan a ejecutado en baldío,1.0,https://www.elnorte.com/aplicacioneslibre/preacceso/articulo/default.aspx?id=890145&v=2&urlredirect=https://www.elnorte.com/aplicaciones/articulo/default.aspx?id=890145&v=2
2016,2016-08-23,25.808906,-99.162783,Hallan en Bravo a dos ejecutados,2.0,https://www.elnorte.com/aplicacioneslibre/preacceso/articulo/default.aspx?id=922559&urlredirect=https://www.elnorte.com/aplicaciones/articulo/default.aspx?id=922559
2016,2016-08-01,25.681201,-100.214265,Lo matan y calcinan en Parque La Silla,1.0,https://www.elnorte.com/aplicacioneslibre/preacceso/articulo/default.aspx?id=906385&v=4&urlredirect=https://www.elnorte.com/aplicaciones/articulo/default.aspx?id=906385&v=4
2016,2016-08-30,25.670522,-100.257699,Lo ejecutan de un balazo,1.0,https://www.elnorte.com/aplicacioneslibre/preacceso/articulo/default.aspx?id=928095&v=2&urlredirect=https://www.elnorte.com/aplicaciones/articulo/default.aspx?id=928095&v=2
2016,2016-08-23,25.741072,-100.338076,Muere baleado en fiesta,1.0,https://www.elnorte.com/aplicacioneslibre/preacceso/articulo/default.aspx?id=922559&urlredirect=https://www.elnorte.com/aplicaciones/articulo/default.aspx?id=922559
2016,2016-08-02,25.7530011,-100.3818284,Ejecutan a mamá; dejan grave a hija,1.0,https://www.elnorte.com/aplicacioneslibre/preacceso/articulo/default.aspx?id=907218&v=3&urlredirect=https://www.elnorte.com/aplicaciones/articulo/default.aspx?id=907218&v=3
2016,2016-08-02,25.670264,-100.442626,Acribillan a guardia,1.0,https://www.elnorte.com/aplicacioneslibre/preacceso/articulo/default.aspx?id=907150&v=4&urlredirect=https://www.elnorte.com/aplicaciones/articulo/default.aspx?id=907150&v=4
2016,2016-08-02,25.703091,-100.592533,Tiran a ejecutado; lo hallan federales,1.0,https://www.elnorte.com/aplicacioneslibre/preacceso/articulo/default.aspx?id=907141&v=2&urlredirect=https://www.elnorte.com/aplicaciones/articulo/default.aspx?id=907141&v=2
2016,2016-09-26,25.447326,-100.094471,Ejecutan a tres en quinta,3.0,https://www.elnorte.com/aplicacioneslibre/preacceso/articulo/default.aspx?id=948780&v=5&urlredirect=https://www.elnorte.com/aplicaciones/articulo/default.aspx?id=948780&v=5
2016,2016-09-11,25.596102,-100.036957,Hallan a un muerto en Cadereyta,1.0,https://www.elnorte.com/aplicacioneslibre/preacceso/articulo/default.aspx?id=937567&v=4&urlredirect=https://www.elnorte.com/aplicaciones/articulo/default.aspx?id=937567&v=4
2016,2016-09-26,25.633718,-100.100493,Abre la puerta y lo acribillan,1.0,https://www.elnorte.com/aplicacioneslibre/preacceso/articulo/default.aspx?id=948673&v=3&urlredirect=https://www.elnorte.com/aplicaciones/articulo/default.aspx?id=948673&v=3
2016,2016-09-18,25.720317,-100.188949,Entran a casa y ejecutan a 2,2.0,https://www.elnorte.com/aplicacioneslibre/preacceso/articulo/default.aspx?id=942709&v=3&urlredirect=https://www.elnorte.com/aplicaciones/articulo/default.aspx?id=942709&v=3
2016,2016-09-13,25.7091397,-100.2170971,Tiran desde camioneta a hombre ejecutado,1.0,https://www.elnorte.com/aplicacioneslibre/preacceso/articulo/default.aspx?id=937961&v=4&urlredirect=https://www.elnorte.com/aplicaciones/articulo/default.aspx?id=937961&v=4
2016,2016-09-18,25.686142,-100.3091392,Asesinan a hombre en la Col. Sarabia,1.0,https://www.elnorte.com/aplicacioneslibre/preacceso/articulo/default.aspx?id=942706&urlredirect=https://www.elnorte.com/aplicaciones/articulo/default.aspx?id=942706
2016,2016-09-11,25.7676376,-100.3797868,Asesinan a joven en Fomerrey 114,1.0,https://www.elnorte.com/aplicacioneslibre/preacceso/articulo/default.aspx?id=937586&v=2&urlredirect=https://www.elnorte.com/aplicaciones/articulo/default.aspx?id=937586&v=2
2016,2016-09-11,25.6953551,-100.4640024,Lo matan sicarios dentro de su casa,1.0,https://www.elnorte.com/aplicacioneslibre/preacceso/articulo/default.aspx?id=937552&v=3&urlredirect=https://www.elnorte.com/aplicaciones/articulo/default.aspx?id=937552&v=3
2016,2016-09-25,25.696971,-100.566534,Hallan a ejecutado en bar abandonado en Santa Catarina,1.0,https://www.elnorte.com/aplicacioneslibre/preacceso/articulo/default.aspx?id=947899&v=6&urlredirect=https://www.elnorte.com/aplicaciones/articulo/default.aspx?id=947899&v=6
2016,2016-09-26,25.817383,-100.624661,Entra a una tienda y ejecuta al dueño,1.0,https://www.elnorte.com/aplicacioneslibre/preacceso/articulo/default.aspx?id=948795&v=3&urlredirect=https://www.elnorte.com/aplicaciones/articulo/default.aspx?id=948795&v=3
2016,2016-09-12,26.497886,-100.426856,Lo acribillan en un auto,1.0,https://www.elnorte.com/aplicacioneslibre/preacceso/articulo/default.aspx?id=937666&v=6&urlredirect=https://www.elnorte.com/aplicaciones/articulo/default.aspx?id=937666&v=6
2016,2016-10-30,25.620688,-100.161435,Matan a padre e hijo por deuda de droga,2.0,https://www.elnorte.com/aplicacioneslibre/preacceso/articulo/default.aspx?id=974508&v=2&urlredirect=https://www.elnorte.com/aplicaciones/articulo/default.aspx?id=974508&v=2
2016,2016-10-12,25.658968,-100.330831,Ejecutan a menor y hieren a su tío,1.0,https://www.elnorte.com/aplicacioneslibre/preacceso/articulo/default.aspx?id=960447&v=5&urlredirect=https://www.elnorte.com/aplicaciones/articulo/default.aspx?id=960447&v=5
2016,2016-10-17,25.66499,-100.377277,Hallan en Col. Del Valle cadáver con máscara,1.0,https://www.elnorte.com/aplicacioneslibre/preacceso/articulo/default.aspx?id=964795&v=4&urlredirect=https://www.elnorte.com/aplicaciones/articulo/default.aspx?id=964795&v=4
2016,2016-10-09,25.6799784,-100.417407,Persiguen y matan,1.0,https://www.elnorte.com/aplicacioneslibre/preacceso/articulo/default.aspx?id=958749&v=4&urlredirect=https://www.elnorte.com/aplicaciones/articulo/default.aspx?id=958749&v=4
2016,2016-10-24,25.693501,-100.332221,Suma una víctima más ataque contra hermanos,1.0,https://www.elnorte.com/aplicacioneslibre/preacceso/articulo/default.aspx?id=969918&v=4&urlredirect=https://www.elnorte.com/aplicaciones/articulo/default.aspx?id=969918&v=4
2016,2016-10-03,25.692667,-100.3293,Dejan 2 muertos ataques a balazos,1.0,https://www.elnorte.com/aplicacioneslibre/preacceso/articulo/default.aspx?id=954215&v=2&urlredirect=https://www.elnorte.com/aplicaciones/articulo/default.aspx?id=954215&v=2
2016,2016-10-09,25.6965165,-100.1867564,Lo ejecutan en una fiesta,1.0,https://www.elnorte.com/aplicacioneslibre/preacceso/articulo/default.aspx?id=958746&v=5&urlredirect=https://www.elnorte.com/aplicaciones/articulo/default.aspx?id=958746&v=5
2016,2016-10-30,25.7471671,-100.2787876,Cazan sicarios a un vendedor de vehículos,1.0,https://www.elnorte.com/aplicacioneslibre/preacceso/articulo/default.aspx?id=974542&v=2&urlredirect=https://www.elnorte.com/aplicaciones/articulo/default.aspx?id=974542&v=2
2016,2016-10-09,25.753953,-100.253559,Asesinan a joven de dos balazos dentro de su auto,1.0,https://www.elnorte.com/aplicacioneslibre/preacceso/articulo/default.aspx?id=958748&v=5&urlredirect=https://www.elnorte.com/aplicaciones/articulo/default.aspx?id=958748&v=5
2016,2016-10-03,25.790633,-100.0386,Dejan 2 muertos ataques a balazos,1.0,https://www.elnorte.com/aplicacioneslibre/preacceso/articulo/default.aspx?id=954215&v=2&urlredirect=https://www.elnorte.com/aplicaciones/articulo/default.aspx?id=954215&v=2
2016,2016-10-31,25.904151,-100.197241,Busca a su hijo durante 15 días; lo halla asesinado,1.0,https://www.elnorte.com/aplicacioneslibre/preacceso/articulo/default.aspx?id=975173&v=5&urlredirect=https://www.elnorte.com/aplicaciones/articulo/default.aspx?id=975173&v=5
2016,2016-11-21,25.630628,-100.285406,"Corre de sicarios, pero lo alcanzan y matan a balazos",1.0,https://www.elnorte.com/aplicacioneslibre/preacceso/articulo/default.aspx?id=989634&v=5&urlredirect=https://www.elnorte.com/aplicaciones/articulo/default.aspx?id=989634&v=5
2016,2016-11-09,25.706695,-100.47921,Ejecutan a dos,2.0,https://www.elnorte.com/aplicacioneslibre/preacceso/articulo/default.aspx?id=981793&v=5&urlredirect=https://www.elnorte.com/aplicaciones/articulo/default.aspx?id=981793&v=5
2016,2016-11-30,25.758261,-100.515273,Les falla secuestro; matan a cómplice,1.0,https://www.elnorte.com/aplicacioneslibre/preacceso/articulo/default.aspx?id=995932&v=3&urlredirect=https://www.elnorte.com/aplicaciones/articulo/default.aspx?id=995932&v=3
2016,2016-11-29,25.9080744,-100.2860662,Encuentran a calcinado en brecha,1.0,https://www.elnorte.com/aplicacioneslibre/preacceso/articulo/default.aspx?id=994340&v=2&urlredirect=https://www.elnorte.com/aplicaciones/articulo/default.aspx?id=994340&v=2
2016,2016-11-08,26.47725,-99.91542,Confirman que se trata de ejecutado,1.0,https://www.elnorte.com/aplicacioneslibre/preacceso/articulo/default.aspx?id=980947&v=4&urlredirect=https://www.elnorte.com/aplicaciones/articulo/default.aspx?id=980947&v=4
2016,2016-12-05,25.6952313,-100.1924974,Abre puerta y pistolero lo ejecuta,1.0,https://www.elnorte.com/aplicacioneslibre/preacceso/articulo/default.aspx?id=999067&v=4&urlredirect=https://www.elnorte.com/aplicaciones/articulo/default.aspx?id=999067&v=4
2017,2017-01-03,25.2850844,-100.0222322,Desaparece mujer; la hallan asesinada,1.0,https://www.elnorte.com/aplicacioneslibre/preacceso/articulo/default.aspx?id=1016281&v=2&urlredirect=https://www.elnorte.com/aplicaciones/articulo/default.aspx?id=1016281&v=2
2017,2017-01-08,25.5994995,-99.9977962,Hallan a ejecutado afuera de bodega,1.0,https://www.elnorte.com/aplicacioneslibre/preacceso/articulo/default.aspx?id=1019082&v=3&urlredirect=https://www.elnorte.com/aplicaciones/articulo/default.aspx?id=1019082&v=3
2017,2017-01-03,25.6866599,-100.1155595,Matan a taxista a golpes en Juárez,1.0,https://www.elnorte.com/aplicacioneslibre/preacceso/articulo/default.aspx?id=1016054&lcmd5=a1c08ce2011ab34327b23cb54788cc9b&urlredirect=https://www.elnorte.com/aplicaciones/articulo/default.aspx?id=1016054&lcmd5=a1c08ce2011ab34327b23cb54788cc9b
2017,2017-01-01,25.781504,-100.187569,Plagian y ejecutan a comerciante,1.0,https://www.elnorte.com/aplicacioneslibre/preacceso/articulo/default.aspx?id=1014619&urlredirect=https://www.elnorte.com/aplicaciones/articulo/default.aspx?id=1014619
2017,2017-01-14,25.790884,-100.253112,Muere baleado frente a clientes de mercado,1.0,https://www.elnorte.com/aplicacioneslibre/preacceso/articulo/default.aspx?id=1024255&v=2&urlredirect=https://www.elnorte.com/aplicaciones/articulo/default.aspx?id=1024255&v=2
2017,2017-01-23,25.770035,-100.2978426,Tiran 2 cuerpos en Escobedo,2.0,https://www.elnorte.com/aplicacioneslibre/preacceso/articulo/default.aspx?id=1030830&v=3&urlredirect=https://www.elnorte.com/aplicaciones/articulo/default.aspx?id=1030830&v=3
2017,2017-01-04,25.668352,-100.253685,Asesinan a mujer tras bajarla de auto,1.0,https://www.elnorte.com/aplicacioneslibre/preacceso/articulo/default.aspx?id=1016562&v=3&urlredirect=https://www.elnorte.com/aplicaciones/articulo/default.aspx?id=1016562&v=3
2017,2017-01-04,25.7331164,-100.3788895,Asesinan a otro chofer,1.0,https://www.elnorte.com/aplicacioneslibre/preacceso/articulo/default.aspx?id=1016054&lcmd5=a1c08ce2011ab34327b23cb54788cc9b&urlredirect=https://www.elnorte.com/aplicaciones/articulo/default.aspx?id=1016054&lcmd5=a1c08ce2011ab34327b23cb54788cc9b
2017,2017-01-14,25.674386,-100.387629,Hallan en García a tres asesinados,3.0,https://www.elnorte.com/aplicacioneslibre/preacceso/articulo/default.aspx?id=1023344&v=6&urlredirect=https://www.elnorte.com/aplicaciones/articulo/default.aspx?id=1023344&v=6
2017,2017-01-10,25.662424,-100.459931,Ejecutan a ex reo en Santa Catarina,1.0,https://www.elnorte.com/aplicacioneslibre/preacceso/articulo/default.aspx?id=1021454&v=3&urlredirect=https://www.elnorte.com/aplicaciones/articulo/default.aspx?id=1021454&v=3
2017,2017-01-06,25.6757016,-100.479715,Lo ejecutan en su barbería,1.0,https://www.elnorte.com/aplicacioneslibre/preacceso/articulo/default.aspx?id=1018798&v=4&urlredirect=https://www.elnorte.com/aplicaciones/articulo/default.aspx?id=1018798&v=4
2017,2017-01-23,25.820877,-100.398613,Matan a policía de un balazo,1.0,https://www.elnorte.com/aplicacioneslibre/preacceso/articulo/default.aspx?id=1030884&v=2&urlredirect=https://www.elnorte.com/aplicaciones/articulo/default.aspx?id=1030884&v=2
2017,2017-01-08,25.966216,-100.290735,Ejecutan a mujer por una venganza,1.0,https://www.elnorte.com/aplicacioneslibre/preacceso/articulo/default.aspx?id=1019848&v=3&urlredirect=https://www.elnorte.com/aplicaciones/articulo/default.aspx?id=1019848&v=3
2017,2017-01-15,25.954338,-100.165941,Hallan mujeres a un asesinado,1.0,https://www.elnorte.com/aplicacioneslibre/preacceso/articulo/default.aspx?id=1024481&v=3&urlredirect=https://www.elnorte.com/aplicaciones/articulo/default.aspx?id=1024481&v=3
2017,2017-02-07,25.695624,-99.214204,Matan en China a 2 repartidores de Cervecería,2.0,https://www.elnorte.com/aplicacioneslibre/preacceso/articulo/default.aspx?id=1041567&v=3&urlredirect=https://www.elnorte.com/aplicaciones/articulo/default.aspx?id=1041567&v=3
2017,2017-02-28,25.383291,-100.148834,Hallan en quinta a semienterrado,1.0,https://www.elnorte.com/aplicacioneslibre/preacceso/articulo/default.aspx?id=1056371&v=4&urlredirect=https://www.elnorte.com/aplicaciones/articulo/default.aspx?id=1056371&v=4
2017,2017-02-14,25.651589,-100.105836,Toma con amigos; lo matan a balazos,1.0,https://www.elnorte.com/aplicacioneslibre/preacceso/articulo/default.aspx?id=1045546&lcmd5=238f7d93ac61b4ea8c79291ed870de5c&urlredirect=https://www.elnorte.com/aplicaciones/articulo/default.aspx?id=1045546&lcmd5=238f7d93ac61b4ea8c79291ed870de5c
2017,2017-02-11,25.6870904,-100.2159329,Encuentra a vecino muerto en su casa,1.0,https://www.elnorte.com/aplicacioneslibre/preacceso/articulo/default.aspx?id=1044253&lcmd5=3a4285935f1983a190cbf86f082f5784&urlredirect=https://www.elnorte.com/aplicaciones/articulo/default.aspx?id=1044253&lcmd5=3a4285935f1983a190cbf86f082f5784
2017,2017-02-20,25.805232,-100.219646,Sobrevive a ataque y su amigo muere,1.0,https://www.elnorte.com/aplicacioneslibre/preacceso/articulo/default.aspx?id=1049974&v=3&urlredirect=https://www.elnorte.com/aplicaciones/articulo/default.aspx?id=1049974&v=3
2017,2017-02-15,25.690014,-100.246999,Ejecutan a 2 en Multiplaza Linda Vista,2.0,https://www.elnorte.com/aplicacioneslibre/preacceso/articulo/default.aspx?id=1046833&lcmd5=1a647b93e4e77c5ed93fa865fbdc2ac2&urlredirect=https://www.elnorte.com/aplicaciones/articulo/default.aspx?id=1046833&lcmd5=1a647b93e4e77c5ed93fa865fbdc2ac2
2017,2017-02-07,25.653815,-100.260909,Cazan desde cerro ejecutores a fiscal,1.0,https://www.elnorte.com/aplicacioneslibre/preacceso/articulo/default.aspx?id=1041566&v=5&urlredirect=https://www.elnorte.com/aplicaciones/articulo/default.aspx?id=1041566&v=5
2017,2017-02-14,25.686357,-100.314466,Busca a su hermana y la halla degollada,1.0,https://www.elnorte.com/aplicacioneslibre/preacceso/articulo/default.aspx?id=1045504&lcmd5=24b1f2e6275e350ec7f76cec2215f650&urlredirect=https://www.elnorte.com/aplicaciones/articulo/default.aspx?id=1045504&lcmd5=24b1f2e6275e350ec7f76cec2215f650
2017,2017-02-07,25.753648,-100.358708,Ejecutan a mecánico,1.0,https://www.elnorte.com/aplicacioneslibre/preacceso/articulo/default.aspx?id=1041567&v=3&urlredirect=https://www.elnorte.com/aplicaciones/articulo/default.aspx?id=1041567&v=3
2017,2017-02-14,25.7505831,-100.3602449,Ejecutan a albañil cuando trabajaba,1.0,https://www.elnorte.com/aplicacioneslibre/preacceso/articulo/default.aspx?id=1046422&v=4&urlredirect=https://www.elnorte.com/aplicaciones/articulo/default.aspx?id=1046422&v=4
2017,2017-02-14,25.7112484,-100.3761214,Cazan y ejecutan en Av. Leones a fiscal federal,1.0,https://www.elnorte.com/aplicacioneslibre/preacceso/articulo/default.aspx?id=1046346&v=12&urlredirect=https://www.elnorte.com/aplicaciones/articulo/default.aspx?id=1046346&v=12
2017,2017-02-20,25.703965,-100.486816,Ejecutan sicarios a 3; a uno lo encajuelan,2.0,https://www.elnorte.com/aplicacioneslibre/preacceso/articulo/default.aspx?id=1049974&v=3&urlredirect=https://www.elnorte.com/aplicaciones/articulo/default.aspx?id=1049974&v=3
2017,2017-02-28,25.9452351,-100.2806151,Le dan tiro de gracia,1.0,https://www.elnorte.com/aplicacioneslibre/preacceso/articulo/default.aspx?id=1056371&v=4&urlredirect=https://www.elnorte.com/aplicaciones/articulo/default.aspx?id=1056371&v=4
2017,2017-02-20,26.500191,-100.424901,Lo asesinan de 9 balazos,1.0,https://www.elnorte.com/aplicacioneslibre/preacceso/articulo/default.aspx?id=1049974&v=3&urlredirect=https://www.elnorte.com/aplicaciones/articulo/default.aspx?id=1049974&v=3
2017,2017-03-28,25.60723,-99.960018,Reavivan motín; mueren 4 reos,4.0,https://www.elnorte.com/aplicacioneslibre/preacceso/articulo/default.aspx?id=1077720&v=7&urlredirect=https://www.elnorte.com/aplicaciones/articulo/default.aspx?id=1077720&v=7
2017,2017-03-21,25.6491649,-100.0974606,Ejecutan a joven en Juárez,1.0,https://www.elnorte.com/aplicacioneslibre/preacceso/articulo/default.aspx?id=1071906&urlredirect=https://www.elnorte.com/aplicaciones/articulo/default.aspx?id=1071906
2017,2017-03-29,25.82778,-100.115558,Encuentran desnudo a hombre asesinado,1.0,https://www.elnorte.com/aplicacioneslibre/preacceso/articulo/default.aspx?id=1078800&v=3&urlredirect=https://www.elnorte.com/aplicaciones/articulo/default.aspx?id=1078800&v=3
2017,2017-03-13,25.9493561,-100.171388,Ejecutan de 10 balazos en Ciénega de Flores,1.0,https://www.elnorte.com/aplicacioneslibre/preacceso/articulo/default.aspx?id=1065722&v=8&urlredirect=https://www.elnorte.com/aplicaciones/articulo/default.aspx?id=1065722&v=8
2017,2017-03-20,25.968131,-100.278401,Lo ejecutan de un balazo en la nuca,1.0,https://www.elnorte.com/aplicacioneslibre/preacceso/articulo/default.aspx?id=1071103&urlredirect=https://www.elnorte.com/aplicaciones/articulo/default.aspx?id=1071103
2017,2017-03-06,25.7505209,-100.3060575,Hallan en vehículo cuerpo encobijado,1.0,https://www.elnorte.com/aplicacioneslibre/preacceso/articulo/default.aspx?id=1060647&v=5&urlredirect=https://www.elnorte.com/aplicaciones/articulo/default.aspx?id=1060647&v=5
2017,2017-03-13,25.6600369,-100.4491061,Ahora Santa Catarina: tiran a 2 embolsados,2.0,https://www.elnorte.com/aplicacioneslibre/preacceso/articulo/default.aspx?id=1065832&v=9&urlredirect=https://www.elnorte.com/aplicaciones/articulo/default.aspx?id=1065832&v=9
2017,2017-03-28,25.7865302,-100.5859669,Lo cazan sicarios al llegar a su casa,1.0,https://www.elnorte.com/aplicacioneslibre/preacceso/articulo/default.aspx?id=1077587&v=4&urlredirect=https://www.elnorte.com/aplicaciones/articulo/default.aspx?id=1077587&v=4
2017,2017-04-09,25.702041,-99.621152,Ejecutan a 2 en una brecha,2.0,https://www.elnorte.com/aplicacioneslibre/preacceso/articulo/default.aspx?id=1088205&v=2&urlredirect=https://www.elnorte.com/aplicaciones/articulo/default.aspx?id=1088205&v=2
2017,2017-04-04,25.602091,-99.991619,Saca moto y lo matan,1.0,https://www.elnorte.com/aplicacioneslibre/preacceso/articulo/default.aspx?id=1083607&urlredirect=https://www.elnorte.com/aplicaciones/articulo/default.aspx?id=1083607
2017,2017-04-19,25.8024762,-100.2268479,Confirman que taxista fue asesinado,1.0,https://www.elnorte.com/aplicacioneslibre/preacceso/articulo/default.aspx?id=1093395&urlredirect=https://www.elnorte.com/aplicaciones/articulo/default.aspx?id=1093395
2017,2017-04-04,25.662146,-100.319136,Ejecutan a mecánico en la Independencia,1.0,https://www.elnorte.com/aplicacioneslibre/preacceso/articulo/default.aspx?id=1083442&v=2&urlredirect=https://www.elnorte.com/aplicaciones/articulo/default.aspx?id=1083442&v=2
2017,2017-05-19,25.606344,-99.965549,Hallan cuerpos enterrados,4.0,https://www.elnorte.com/aplicacioneslibre/preacceso/articulo/default.aspx?id=1118110&v=3&urlredirect=https://www.elnorte.com/aplicaciones/articulo/default.aspx?id=1118110&v=3
2017,2017-05-16,25.5899906,-100.007531,Asesinan a taquero en Cadereyta,1.0,https://www.elnorte.com/aplicacioneslibre/preacceso/articulo/default.aspx?id=1115410&v=3&urlredirect=https://www.elnorte.com/aplicaciones/articulo/default.aspx?id=1115410&v=3
2017,2017-05-01,25.596842,-100.010909,Dan a ganadero el tiro de gracia frente a su esposa,1.0,https://www.elnorte.com/aplicacioneslibre/preacceso/articulo/default.aspx?id=1103505&v=2&urlredirect=https://www.elnorte.com/aplicaciones/articulo/default.aspx?id=1103505&v=2
2017,2017-05-19,25.6734077,-100.0871112,Matan a hombre; hieren a su hijo,1.0,https://www.elnorte.com/aplicacioneslibre/preacceso/articulo/default.aspx?id=1118110&v=3&urlredirect=https://www.elnorte.com/aplicaciones/articulo/default.aspx?id=1118110&v=3
2017,2017-05-01,25.702208,-100.17549,Lo asesinan de 2 balazos en la cabeza,1.0,https://www.elnorte.com/aplicacioneslibre/preacceso/articulo/default.aspx?id=1103506&urlredirect=https://www.elnorte.com/aplicaciones/articulo/default.aspx?id=1103506
2017,2017-05-16,25.705936,-100.208377,Balean en la espalda a cliente de car wash,1.0,https://www.elnorte.com/aplicacioneslibre/preacceso/articulo/default.aspx?id=1115346&v=4&urlredirect=https://www.elnorte.com/aplicaciones/articulo/default.aspx?id=1115346&v=4
2017,2017-05-02,25.522767,-100.206745,Matan a plagiado; lo tiran en Santiago,1.0,https://www.elnorte.com/aplicacioneslibre/preacceso/articulo/default.aspx?id=1104500&v=3&urlredirect=https://www.elnorte.com/aplicaciones/articulo/default.aspx?id=1104500&v=3
2017,2017-05-28,25.8304934,-100.2639498,Levantan a dos en Santa Catarina; los hallan muertos,2.0,https://www.elnorte.com/aplicacioneslibre/preacceso/articulo/default.aspx?id=1124710&v=3&urlredirect=https://www.elnorte.com/aplicaciones/articulo/default.aspx?id=1124710&v=3
2017,2017-05-28,25.6907351,-100.3169723,Ejecutan a hombre y balean a su hijo,1.0,https://www.elnorte.com/aplicacioneslibre/preacceso/articulo/default.aspx?id=1124705&v=4&urlredirect=https://www.elnorte.com/aplicaciones/articulo/default.aspx?id=1124705&v=4
2017,2017-05-19,25.649731,-100.316868,Lo hallan asesinado,1.0,https://www.elnorte.com/aplicacioneslibre/preacceso/articulo/default.aspx?id=1118110&v=3&urlredirect=https://www.elnorte.com/aplicaciones/articulo/default.aspx?id=1118110&v=3
2017,2017-05-02,25.7062436,-100.5527791,Ejecutan a dueño de vulcanizadora,1.0,https://www.elnorte.com/aplicacioneslibre/preacceso/articulo/default.aspx?id=1104493&v=2&urlredirect=https://www.elnorte.com/aplicaciones/articulo/default.aspx?id=1104493&v=2
2017,2017-06-12,26.3098282,-99.5362535,Ejecuta a balazos a rival,1.0,https://www.elnorte.com/aplicacioneslibre/preacceso/articulo/default.aspx?id=1136882&v=4&urlredirect=https://www.elnorte.com/aplicaciones/articulo/default.aspx?id=1136882&v=4
2017,2017-06-12,25.818429,-100.611553,Muere baleado,1.0,https://www.elnorte.com/aplicacioneslibre/preacceso/articulo/default.aspx?id=1136882&v=4&urlredirect=https://www.elnorte.com/aplicaciones/articulo/default.aspx?id=1136882&v=4
2017,2017-06-19,25.6694222,-100.4667303,Muere baleado desde un auto,1.0,https://www.elnorte.com/aplicacioneslibre/preacceso/articulo/default.aspx?id=1142469&v=2&urlredirect=https://www.elnorte.com/aplicaciones/articulo/default.aspx?id=1142469&v=2
2017,2017-06-19,25.7757107,-100.2729311,Asesinan en parque,1.0,https://www.elnorte.com/aplicacioneslibre/preacceso/articulo/default.aspx?id=1142469&v=2&urlredirect=https://www.elnorte.com/aplicaciones/articulo/default.aspx?id=1142469&v=2
2017,2017-06-18,25.6966479,-100.1639609,Hallan ejecutado a un secuestrado,1.0,https://www.elnorte.com/aplicacioneslibre/preacceso/articulo/default.aspx?id=1141626&v=3&urlredirect=https://www.elnorte.com/aplicaciones/articulo/default.aspx?id=1141626&v=3
2017,2017-06-25,25.572243,-99.981597,Reparan un tubular y mueren a balazos,2.0,https://www.elnorte.com/aplicacioneslibre/preacceso/articulo/default.aspx?id=1147243&v=4&urlredirect=https://www.elnorte.com/aplicaciones/articulo/default.aspx?id=1147243&v=4
2017,2017-07-09,25.6396446,-100.0944765,Hallan policías a ejecutado en Juárez,1.0,https://www.elnorte.com/aplicacioneslibre/preacceso/articulo/default.aspx?id=1158186&v=3&urlredirect=https://www.elnorte.com/aplicaciones/articulo/default.aspx?id=1158186&v=3
2017,2017-07-10,25.648757,-100.216218,Lo ejecutan desde un auto frente a su casa,1.0,https://www.elnorte.com/aplicacioneslibre/preacceso/articulo/default.aspx?id=1159065&urlredirect=https://www.elnorte.com/aplicaciones/articulo/default.aspx?id=1159065
2017,2017-07-31,25.669205,-100.229709,Ejecutan a dueño de taller,1.0,https://www.elnorte.com/aplicacioneslibre/preacceso/articulo/default.aspx?id=1174938&v=4&urlredirect=https://www.elnorte.com/aplicaciones/articulo/default.aspx?id=1174938&v=4
2017,2017-07-09,25.66117,-100.3132534,Siguen a amigos; a uno lo asesinan,1.0,https://www.elnorte.com/aplicacioneslibre/preacceso/articulo/default.aspx?id=1157870&v=7&urlredirect=https://www.elnorte.com/aplicaciones/articulo/default.aspx?id=1157870&v=7
2017,2017-07-31,25.660952,-100.451949,Muere uno por ataque,1.0,https://www.elnorte.com/aplicacioneslibre/preacceso/articulo/default.aspx?id=1175219&v=4&urlredirect=https://www.elnorte.com/aplicaciones/articulo/default.aspx?id=1175219&v=4
2017,2017-07-03,25.8003164,-100.3932926,Lo matan sicarios afuera de su casa,1.0,https://www.elnorte.com/aplicacioneslibre/preacceso/articulo/default.aspx?id=1153441&v=4&urlredirect=https://www.elnorte.com/aplicaciones/articulo/default.aspx?id=1153441&v=4
2017,2017-07-31,25.856245,-100.313242,Atacan a pareja; él fallece,1.0,https://www.elnorte.com/aplicacioneslibre/preacceso/articulo/default.aspx?id=1174972&v=2&urlredirect=https://www.elnorte.com/aplicaciones/articulo/default.aspx?id=1174972&v=2
2017,2017-07-31,25.858411,-100.306214,Tiran en una zanja a dos embolsados,2.0,https://www.elnorte.com/aplicacioneslibre/preacceso/articulo/default.aspx?id=1174972&v=2&urlredirect=https://www.elnorte.com/aplicaciones/articulo/default.aspx?id=1174972&v=2
2017,2017-07-17,25.983415,-100.298775,La matan de un balazo y tiran cuerpo en brecha,1.0,https://www.elnorte.com/aplicacioneslibre/preacceso/articulo/default.aspx?id=1164299&v=2&urlredirect=https://www.elnorte.com/aplicaciones/articulo/default.aspx?id=1164299&v=2
2017,2017-09-27,25.7291493,-100.0825887,Lo asesinan de un balazo,1.0,https://www.elnorte.com/aplicacioneslibre/preacceso/articulo/default.aspx?id=1219098&v=10&urlredirect=https://www.elnorte.com/aplicaciones/articulo/default.aspx?id=1219098&v=10
2017,2017-09-10,25.730613,-100.1662,Lo ejecutan frente a su esposa mientras conducía,1.0,https://www.elnorte.com/aplicacioneslibre/preacceso/articulo/default.aspx?id=1206434&v=3&urlredirect=https://www.elnorte.com/aplicaciones/articulo/default.aspx?id=1206434&v=3
2017,2017-09-19,25.7575002,-100.1696314,Ejecutan a dueño de bar,1.0,https://www.elnorte.com/aplicacioneslibre/preacceso/articulo/default.aspx?id=1213064&v=6&urlredirect=https://www.elnorte.com/aplicaciones/articulo/default.aspx?id=1213064&v=6
2017,2017-09-18,25.777628,-100.2318861,Ejecutan a ex reo al salir de restaurante,1.0,https://www.elnorte.com/aplicacioneslibre/preacceso/articulo/default.aspx?id=1212099&v=7&urlredirect=https://www.elnorte.com/aplicaciones/articulo/default.aspx?id=1212099&v=7
2017,2017-09-20,25.719692,-100.218417,Matan a ganadero en Paseo La Fe,1.0,https://www.elnorte.com/aplicacioneslibre/preacceso/articulo/default.aspx?id=1214071&v=9&urlredirect=https://www.elnorte.com/aplicaciones/articulo/default.aspx?id=1214071&v=9
2017,2017-09-19,25.7135796,-100.2315609,Acribillan a 2 en sus autos,2.0,https://www.elnorte.com/aplicacioneslibre/preacceso/articulo/default.aspx?id=1212665&v=5&urlredirect=https://www.elnorte.com/aplicaciones/articulo/default.aspx?id=1212665&v=5
2017,2017-09-30,25.658364,-100.2244067,Ejecutan a un ganadero,1.0,https://www.elnorte.com/aplicacioneslibre/preacceso/articulo/default.aspx?id=1221907&v=6&urlredirect=https://www.elnorte.com/aplicaciones/articulo/default.aspx?id=1221907&v=6
2017,2017-09-28,25.673914,-100.2573399,Catean empresa; hallan a asesinado,1.0,https://www.elnorte.com/aplicacioneslibre/preacceso/articulo/default.aspx?id=1219950&v=3&urlredirect=https://www.elnorte.com/aplicaciones/articulo/default.aspx?id=1219950&v=3
2017,2017-09-24,25.6356682,-100.2681324,Matan a albañil desde vehículo,1.0,https://www.elnorte.com/aplicacioneslibre/preacceso/articulo/default.aspx?id=1217282&v=5&urlredirect=https://www.elnorte.com/aplicaciones/articulo/default.aspx?id=1217282&v=5
2017,2017-09-16,25.7082994,-100.3185625,Hieren a niña de 9 años en ejecución,1.0,https://www.elnorte.com/aplicacioneslibre/preacceso/articulo/default.aspx?id=1210814&v=4&urlredirect=https://www.elnorte.com/aplicaciones/articulo/default.aspx?id=1210814&v=4
2017,2017-09-24,25.6849664,-100.4432238,Viaja en taxi y lo ejecutan,1.0,https://www.elnorte.com/aplicacioneslibre/preacceso/articulo/default.aspx?id=1217680&v=2&urlredirect=https://www.elnorte.com/aplicaciones/articulo/default.aspx?id=1217680&v=2
2017,2017-09-14,25.768176,-100.3911197,Hallan cuerpo de ejecutada en una bolsa,1.0,https://www.elnorte.com/aplicacioneslibre/preacceso/articulo/default.aspx?id=1209950&v=2&urlredirect=https://www.elnorte.com/aplicaciones/articulo/default.aspx?id=1209950&v=2
2017,2017-09-19,25.7858716,-100.3848772,Ejecutan a hombre en su auto,1.0,https://www.elnorte.com/aplicacioneslibre/preacceso/articulo/default.aspx?id=1212656&v=8&urlredirect=https://www.elnorte.com/aplicaciones/articulo/default.aspx?id=1212656&v=8
2017,2017-09-23,25.840183,-100.373458,Entran a casa y ejecutan a hombre,1.0,https://www.elnorte.com/aplicacioneslibre/preacceso/articulo/default.aspx?id=1217037&v=4&urlredirect=https://www.elnorte.com/aplicaciones/articulo/default.aspx?id=1217037&v=4
2017,2017-10-23,25.6453581,-100.0538208,Irrumpen reunión y ejecutan a dos,2.0,https://www.elnorte.com/aplicacioneslibre/preacceso/articulo/default.aspx?id=1239998&v=4&urlredirect=https://www.elnorte.com/aplicaciones/articulo/default.aspx?id=1239998&v=4
2017,2017-10-25,25.7316437,-100.1389334,Ejecutan a dueño de depósito,1.0,https://www.elnorte.com/aplicacioneslibre/preacceso/articulo/default.aspx?id=1241826&v=5&urlredirect=https://www.elnorte.com/aplicaciones/articulo/default.aspx?id=1241826&v=5
2017,2017-10-06,25.620259,-100.181838,Muere baleado frente a esposa,1.0,https://www.elnorte.com/aplicacioneslibre/preacceso/articulo/default.aspx?id=1226281&urlredirect=https://www.elnorte.com/aplicaciones/articulo/default.aspx?id=1226281
2017,2017-10-01,25.76512,-100.191457,Acribillan a hombre en estacionamiento,1.0,https://www.elnorte.com/aplicacioneslibre/preacceso/articulo/default.aspx?id=1222663&v=2&urlredirect=https://www.elnorte.com/aplicaciones/articulo/default.aspx?id=1222663&v=2
2017,2017-10-14,25.6927546,-100.2115008,Ejecutan a 2 en Morones,2.0,https://www.elnorte.com/aplicacioneslibre/preacceso/articulo/default.aspx?id=1232680&v=6&urlredirect=https://www.elnorte.com/aplicaciones/articulo/default.aspx?id=1232680&v=6
2017,2017-10-12,25.7711086,-100.2536804,Ejecutan a uno afuera de tienda,1.0,https://www.elnorte.com/aplicacioneslibre/preacceso/articulo/default.aspx?id=1231644&v=3&urlredirect=https://www.elnorte.com/aplicaciones/articulo/default.aspx?id=1231644&v=3
2017,2017-10-03,25.7671894,-100.2564035,Lanzan desde taxis 2 ataques a balazos,2.0,https://www.elnorte.com/aplicacioneslibre/preacceso/articulo/default.aspx?id=1224136&v=4&urlredirect=https://www.elnorte.com/aplicaciones/articulo/default.aspx?id=1224136&v=4
2017,2017-10-03,25.6774279,-100.2717929,Muere en hospital hombre baleado con dos familiares,1.0,https://www.elnorte.com/aplicacioneslibre/preacceso/articulo/default.aspx?id=1223958&v=5&urlredirect=https://www.elnorte.com/aplicaciones/articulo/default.aspx?id=1223958&v=5
2017,2017-10-24,25.6916807,-100.3148255,Usan pistoleros taxi para levantar y matar,1.0,https://www.elnorte.com/aplicacioneslibre/preacceso/articulo/default.aspx?id=1240197&v=5&urlredirect=https://www.elnorte.com/aplicaciones/articulo/default.aspx?id=1240197&v=5
2017,2017-10-17,25.6907133,-100.3168703,Deja un muerto ataque a balazos,1.0,https://www.elnorte.com/aplicacioneslibre/preacceso/articulo/default.aspx?id=1235367&v=4&urlredirect=https://www.elnorte.com/aplicaciones/articulo/default.aspx?id=1235367&v=4
2017,2017-10-23,25.6535872,-100.3067387,Asesinan a una mujer en la Independencia,1.0,https://www.elnorte.com/aplicacioneslibre/preacceso/articulo/default.aspx?id=1240033&v=2&urlredirect=https://www.elnorte.com/aplicaciones/articulo/default.aspx?id=1240033&v=2
2017,2017-10-14,25.65663,-100.324485,Lo matan de un tiro en la Independencia,1.0,https://www.elnorte.com/aplicacioneslibre/preacceso/articulo/default.aspx?id=1232955&v=6&urlredirect=https://www.elnorte.com/aplicaciones/articulo/default.aspx?id=1232955&v=6
2017,2017-10-14,25.724658,-100.343829,Asesinan a interno en el Topo,1.0,https://www.elnorte.com/aplicacioneslibre/preacceso/articulo/default.aspx?id=1232751&v=7&urlredirect=https://www.elnorte.com/aplicaciones/articulo/default.aspx?id=1232751&v=7
2017,2017-10-04,25.7410304,-100.3371349,Muere un baleado en Tierra y Libertad,1.0,https://www.elnorte.com/aplicacioneslibre/preacceso/articulo/default.aspx?id=1224621&v=2&urlredirect=https://www.elnorte.com/aplicaciones/articulo/default.aspx?id=1224621&v=2
2017,2017-10-24,25.6682173,-100.4057399,Fallece tras ser baleado en San Pedro,1.0,https://www.elnorte.com/aplicacioneslibre/preacceso/articulo/default.aspx?id=1240243&v=4&urlredirect=https://www.elnorte.com/aplicaciones/articulo/default.aspx?id=1240243&v=4
2017,2017-10-30,25.6571571,-100.449628,Alarma ejecución cerca de colegio,1.0,https://www.elnorte.com/aplicacioneslibre/preacceso/articulo/default.aspx?id=1245590&v=17&urlredirect=https://www.elnorte.com/aplicaciones/articulo/default.aspx?id=1245590&v=17
2017,2017-10-31,25.7675799,-100.3603683,Asesinan a 2 en 15 minutos sicarios en taxi,2.0,https://www.elnorte.com/aplicacioneslibre/preacceso/articulo/default.aspx?id=1246059&v=2&urlredirect=https://www.elnorte.com/aplicaciones/articulo/default.aspx?id=1246059&v=2
2017,2017-10-06,25.7691108,-100.3656988,Muere baleado frente a su esposa,1.0,https://www.elnorte.com/aplicacioneslibre/preacceso/articulo/default.aspx?id=1226281&urlredirect=https://www.elnorte.com/aplicaciones/articulo/default.aspx?id=1226281
2017,2017-10-01,25.7969759,-100.3784262,Matan a tío y sobrino en ataque a balazos,2.0,https://www.elnorte.com/aplicacioneslibre/preacceso/articulo/default.aspx?id=1222734&v=4&urlredirect=https://www.elnorte.com/aplicaciones/articulo/default.aspx?id=1222734&v=4
2017,2017-10-05,25.846478,-100.39511,Otra vez desde taxi: acribillan a un menor,1.0,https://www.elnorte.com/aplicacioneslibre/preacceso/articulo/default.aspx?id=1225192&urlredirect=https://www.elnorte.com/aplicaciones/articulo/default.aspx?id=1225192
2017,2017-11-17,25.543472,-99.954435,Hallan muerto a hombre,1.0,https://www.elnorte.com/aplicacioneslibre/preacceso/articulo/default.aspx?id=1259356&v=2&urlredirect=https://www.elnorte.com/aplicaciones/articulo/default.aspx?id=1259356&v=2
2017,2017-11-26,25.5810189,-100.0068584,Ejecutan a menor,1.0,https://www.elnorte.com/aplicacioneslibre/preacceso/articulo/default.aspx?id=1265704&v=2&urlredirect=https://www.elnorte.com/aplicaciones/articulo/default.aspx?id=1265704&v=2
2017,2017-11-28,25.1937375,-99.8271001,Lo hallan muerto de 33 puñaladas,1.0,https://www.elnorte.com/aplicacioneslibre/preacceso/articulo/default.aspx?id=1266363&v=2&urlredirect=https://www.elnorte.com/aplicaciones/articulo/default.aspx?id=1266363&v=2
2017,2017-11-09,24.853161,-99.55635,Lo matan a balazos frente a su esposa,1.0,https://www.elnorte.com/aplicacioneslibre/preacceso/articulo/default.aspx?id=1252438&v=4&urlredirect=https://www.elnorte.com/aplicaciones/articulo/default.aspx?id=1252438&v=4
2017,2017-11-04,25.597671,-100.110527,Tiran en lona a un mutilado,1.0,https://www.elnorte.com/aplicacioneslibre/preacceso/articulo/default.aspx?id=1249053&v=3&urlredirect=https://www.elnorte.com/aplicaciones/articulo/default.aspx?id=1249053&v=3
2017,2017-11-19,25.618662,-100.13955,"Lo engañan, entran a su casa y lo asesinan",1.0,https://www.elnorte.com/aplicacioneslibre/preacceso/articulo/default.aspx?id=1260537&v=4&urlredirect=https://www.elnorte.com/aplicaciones/articulo/default.aspx?id=1260537&v=4
2017,2017-11-12,25.667004,-100.1353494,Someten y ejecutan a albañil,1.0,https://www.elnorte.com/aplicacioneslibre/preacceso/articulo/default.aspx?id=1255247&v=2&urlredirect=https://www.elnorte.com/aplicaciones/articulo/default.aspx?id=1255247&v=2
2017,2017-11-09,25.508172,-100.191861,Tiran en Santiago a un ejecutado,1.0,https://www.elnorte.com/aplicacioneslibre/preacceso/articulo/default.aspx?id=1252571&v=6&urlredirect=https://www.elnorte.com/aplicaciones/articulo/default.aspx?id=1252571&v=6
2017,2017-11-26,25.5351084,-100.2124864,Ejecutan a menor,1.0,https://www.elnorte.com/aplicacioneslibre/preacceso/articulo/default.aspx?id=1265704&v=2&urlredirect=https://www.elnorte.com/aplicaciones/articulo/default.aspx?id=1265704&v=2
2017,2017-11-07,25.6878909,-100.206778,Ejecutan a hombre en Morones Prieto,1.0,https://www.elnorte.com/aplicacioneslibre/preacceso/articulo/default.aspx?id=1251375&v=5&urlredirect=https://www.elnorte.com/aplicaciones/articulo/default.aspx?id=1251375&v=5
2017,2017-11-30,25.6902481,-100.288366,Disparan de auto y ejecutan a cuatro,4.0,https://www.elnorte.com/aplicacioneslibre/preacceso/articulo/default.aspx?id=1268925&v=11&urlredirect=https://www.elnorte.com/aplicaciones/articulo/default.aspx?id=1268925&v=11
2017,2017-11-19,25.6827322,-100.3028286,Ejecutan a dos y hieren a otros en tres ataques,2.0,https://www.elnorte.com/aplicacioneslibre/preacceso/articulo/default.aspx?id=1260455&v=14&urlredirect=https://www.elnorte.com/aplicaciones/articulo/default.aspx?id=1260455&v=14
2017,2017-11-11,25.6864068,-100.3200105,Ejecutan a hombre en bar en el Centro,1.0,https://www.elnorte.com/aplicacioneslibre/preacceso/articulo/default.aspx?id=1254875&v=2&urlredirect=https://www.elnorte.com/aplicaciones/articulo/default.aspx?id=1254875&v=2
2017,2017-11-17,25.6977754,-100.3278229,Le dan tiro de gracia,1.0,https://www.elnorte.com/aplicacioneslibre/preacceso/articulo/default.aspx?id=1258723&v=3&urlredirect=https://www.elnorte.com/aplicaciones/articulo/default.aspx?id=1258723&v=3
2017,2017-11-12,25.7229436,-100.3229221,Asesinan a hombre y huyen,1.0,https://www.elnorte.com/aplicacioneslibre/preacceso/articulo/default.aspx?id=1255089&v=2&urlredirect=https://www.elnorte.com/aplicaciones/articulo/default.aspx?id=1255089&v=2
2017,2017-11-02,25.7329465,-100.3341877,Ejecutan a menor; hieren a otro,1.0,https://www.elnorte.com/aplicacioneslibre/preacceso/articulo/default.aspx?id=1247997&v=2&urlredirect=https://www.elnorte.com/aplicaciones/articulo/default.aspx?id=1247997&v=2
2017,2017-11-24,25.7329623,-100.3414895,Lanzan desde auto cuerpo de levantado,1.0,https://www.elnorte.com/aplicacioneslibre/preacceso/articulo/default.aspx?id=1263667&v=3&urlredirect=https://www.elnorte.com/aplicaciones/articulo/default.aspx?id=1263667&v=3
2017,2017-11-21,25.7656949,-100.3605815,Ejecutan de un tiro desde auto,1.0,https://www.elnorte.com/aplicacioneslibre/preacceso/articulo/default.aspx?id=1261818&v=4&urlredirect=https://www.elnorte.com/aplicaciones/articulo/default.aspx?id=1261818&v=4
2017,2017-11-12,25.7785593,-100.3290062,"Disparan desde taxis, matan a 3 y hieren a 3",3.0,https://www.elnorte.com/aplicacioneslibre/preacceso/articulo/default.aspx?id=1255325&v=6&urlredirect=https://www.elnorte.com/aplicaciones/articulo/default.aspx?id=1255325&v=6
2017,2017-11-16,25.837648,-100.296065,Lo levantan... y lo acribillan,1.0,https://www.elnorte.com/aplicacioneslibre/preacceso/articulo/default.aspx?id=1257787&v=6&urlredirect=https://www.elnorte.com/aplicaciones/articulo/default.aspx?id=1257787&v=6
2017,2017-11-17,25.85826,-100.306857,Persiguen y asesinan a dos a balazos,2.0,https://www.elnorte.com/aplicacioneslibre/preacceso/articulo/default.aspx?id=1259359&urlredirect=https://www.elnorte.com/aplicaciones/articulo/default.aspx?id=1259359
2017,2017-11-19,25.6773941,-100.4217046,"Amarran, torturan y matan a mujer",1.0,https://www.elnorte.com/aplicacioneslibre/preacceso/articulo/default.aspx?id=1260587&v=5&urlredirect=https://www.elnorte.com/aplicaciones/articulo/default.aspx?id=1260587&v=5
2017,2017-11-11,25.6675754,-100.4243229,Revela ejecución disputa por cártel,1.0,https://www.elnorte.com/aplicacioneslibre/preacceso/articulo/default.aspx?id=1254994&v=4&urlredirect=https://www.elnorte.com/aplicaciones/articulo/default.aspx?id=1254994&v=4
2017,2017-11-10,25.6578287,-100.4496243,Ejecutan a mujer en Morones Prieto,1.0,https://www.elnorte.com/aplicacioneslibre/preacceso/articulo/default.aspx?id=1253341&v=9&urlredirect=https://www.elnorte.com/aplicaciones/articulo/default.aspx?id=1253341&v=9
2017,2017-11-10,25.6851708,-100.4665153,Baleado fallece en hospital,1.0,https://www.elnorte.com/aplicacioneslibre/preacceso/articulo/default.aspx?id=1255203&v=3&urlredirect=https://www.elnorte.com/aplicaciones/articulo/default.aspx?id=1255203&v=3
2017,2017-11-08,25.674225,-100.4776922,Ejecutan a joven de un balazo en la cabeza,1.0,https://www.elnorte.com/aplicacioneslibre/preacceso/articulo/default.aspx?id=1252108&v=3&urlredirect=https://www.elnorte.com/aplicaciones/articulo/default.aspx?id=1252108&v=3
2017,2017-11-14,25.7810988,-100.4463477,Ejecutan a 2 mujeres y a una la decapitan,2.0,https://www.elnorte.com/aplicacioneslibre/preacceso/articulo/default.aspx?id=1256656&v=4&urlredirect=https://www.elnorte.com/aplicaciones/articulo/default.aspx?id=1256656&v=4
2017,2017-11-23,25.7919304,-100.4917615,Atropellan y ejecutan,1.0,https://www.elnorte.com/aplicacioneslibre/preacceso/articulo/default.aspx?id=1254330&v=4&urlredirect=https://www.elnorte.com/aplicaciones/articulo/default.aspx?id=1254330&v=4
2017,2017-11-17,25.7523424,-100.5062876,Matan a huachicolero en García,1.0,https://www.elnorte.com/aplicacioneslibre/preacceso/articulo/default.aspx?id=1259361&v=2&urlredirect=https://www.elnorte.com/aplicaciones/articulo/default.aspx?id=1259361&v=2
2017,2017-12-15,25.4714461,-99.9990923,Matan a encargado; balean a 2 clientes,1.0,https://www.elnorte.com/aplicacioneslibre/preacceso/articulo/default.aspx?id=1279991&v=2&urlredirect=https://www.elnorte.com/aplicaciones/articulo/default.aspx?id=1279991&v=2
2017,2017-12-05,25.588141,-100.0122017,Deja 3 ejecutados ataque en car wash,3.0,https://www.elnorte.com/aplicacioneslibre/preacceso/articulo/default.aspx?id=1272035&v=6&urlredirect=https://www.elnorte.com/aplicaciones/articulo/default.aspx?id=1272035&v=6
2017,2017-12-12,25.810062,-100.08647,Localizan asesinado en brecha,1.0,https://www.elnorte.com/aplicacioneslibre/preacceso/articulo/default.aspx?id=1277333&v=5&urlredirect=https://www.elnorte.com/aplicaciones/articulo/default.aspx?id=1277333&v=5
2017,2017-12-01,25.8691577,-100.2496721,Muere interno a balazos en el Penal de Apodaca,1.0,https://www.elnorte.com/aplicacioneslibre/preacceso/articulo/default.aspx?id=1269415&v=12&urlredirect=https://www.elnorte.com/aplicaciones/articulo/default.aspx?id=1269415&v=12
2017,2017-12-04,25.7710885,-100.2687394,Ejecutan a cliente al salir de un bar,1.0,https://www.elnorte.com/aplicacioneslibre/preacceso/articulo/default.aspx?id=1271187&v=10&urlredirect=https://www.elnorte.com/aplicaciones/articulo/default.aspx?id=1271187&v=10
2017,2017-12-07,25.6594464,-100.3085214,Lo ejecutan en consultorio,1.0,https://www.elnorte.com/aplicacioneslibre/preacceso/articulo/default.aspx?id=1273811&v=5&urlredirect=https://www.elnorte.com/aplicaciones/articulo/default.aspx?id=1273811&v=5
2017,2017-12-13,25.633119399999998,-100.2979174,Lo ejecutan por narcomenudeo,1.0,https://www.elnorte.com/aplicacioneslibre/preacceso/articulo/default.aspx?id=1278400&v=3&urlredirect=https://www.elnorte.com/aplicaciones/articulo/default.aspx?id=1278400&v=3
2018,2018-01-28,25.5643306,-99.9812817,Asesinan a 11 en 3 horas,1.0,https://www.elnorte.com/aplicacioneslibre/preacceso/articulo/default.aspx?id=1310002&v=16&urlredirect=https://www.elnorte.com/aplicaciones/articulo/default.aspx?id=1310002&v=16
2018,2018-01-28,25.5807787,-99.9864564,Asesinan a 11 en 3 horas,2.0,https://www.elnorte.com/aplicacioneslibre/preacceso/articulo/default.aspx?id=1310002&v=16&urlredirect=https://www.elnorte.com/aplicaciones/articulo/default.aspx?id=1310002&v=16
2018,2018-01-12,25.883217,-100.036735,Hallan enterrado a desaparecido,1.0,https://www.elnorte.com/aplicacioneslibre/preacceso/articulo/default.aspx?id=1297159&v=3&urlredirect=https://www.elnorte.com/aplicaciones/articulo/default.aspx?id=1297159&v=3
2018,2018-01-07,25.8343297,-100.1397248,Ejecutan a ligado al narcomenudeo,1.0,https://www.elnorte.com/aplicacioneslibre/preacceso/articulo/default.aspx?id=1293601&v=11&urlredirect=https://www.elnorte.com/aplicaciones/articulo/default.aspx?id=1293601&v=11
2018,2018-01-28,25.7185061,-100.2601878,Asesinan a 11 en 3 horas,2.0,https://www.elnorte.com/aplicacioneslibre/preacceso/articulo/default.aspx?id=1310002&v=16&urlredirect=https://www.elnorte.com/aplicaciones/articulo/default.aspx?id=1310002&v=16
2018,2018-01-12,25.7279849,-100.2678043,Balean a pareja y muere mujer,1.0,https://www.elnorte.com/aplicacioneslibre/preacceso/articulo/default.aspx?id=1297810&v=6&urlredirect=https://www.elnorte.com/aplicaciones/articulo/default.aspx?id=1297810&v=6
2018,2018-01-28,25.7243902,-100.2749744,Asesinan a 11 en 3 horas,2.0,https://www.elnorte.com/aplicacioneslibre/preacceso/articulo/default.aspx?id=1310002&v=16&urlredirect=https://www.elnorte.com/aplicaciones/articulo/default.aspx?id=1310002&v=16
2018,2018-01-29,25.630407,-100.2878835,Muere baleado al evitar asalto en una tienda,1.0,https://www.elnorte.com/aplicacioneslibre/preacceso/articulo/default.aspx?id=1310698&v=4&urlredirect=https://www.elnorte.com/aplicaciones/articulo/default.aspx?id=1310698&v=4
2018,2018-01-28,25.6855373,-100.3198643,Asesinan a 11 en 3 horas,2.0,https://www.elnorte.com/aplicacioneslibre/preacceso/articulo/default.aspx?id=1310002&v=16&urlredirect=https://www.elnorte.com/aplicaciones/articulo/default.aspx?id=1310002&v=16
2018,2018-01-25,25.7165488,-100.3269457,Lo ejecutan en su casa,1.0,https://www.elnorte.com/aplicacioneslibre/preacceso/articulo/default.aspx?id=1307563&v=4&urlredirect=https://www.elnorte.com/aplicaciones/articulo/default.aspx?id=1307563&v=4
2018,2018-01-06,25.7308664,-100.3401864,Lo ejecutan cuando caminaba en la Ferrocarrilera,1.0,https://www.elnorte.com/aplicacioneslibre/preacceso/articulo/default.aspx?id=1293282&urlredirect=https://www.elnorte.com/aplicaciones/articulo/default.aspx?id=1293282
2018,2018-01-14,25.724893,-100.343142,Asesinan a 2 reos en el Topo Chico,2.0,https://www.elnorte.com/aplicacioneslibre/preacceso/articulo/default.aspx?id=1299119&v=9&urlredirect=https://www.elnorte.com/aplicaciones/articulo/default.aspx?id=1299119&v=9
2018,2018-01-19,25.716436,-100.364082,Muere baleado frente a su esposa,1.0,https://www.elnorte.com/aplicacioneslibre/preacceso/articulo/default.aspx?id=1303114&v=4&urlredirect=https://www.elnorte.com/aplicaciones/articulo/default.aspx?id=1303114&v=4
2018,2018-01-10,25.766234,-100.3667325,Ejecutan a uno sicarios en taxi,1.0,https://www.elnorte.com/aplicacioneslibre/preacceso/articulo/default.aspx?id=1295657&v=4&urlredirect=https://www.elnorte.com/aplicaciones/articulo/default.aspx?id=1295657&v=4
2018,2018-01-08,25.844176,-100.397913,Matan a 2 menores en ataque a baile,2.0,https://www.elnorte.com/aplicacioneslibre/preacceso/articulo/default.aspx?id=1293970&v=6&urlredirect=https://www.elnorte.com/aplicaciones/articulo/default.aspx?id=1293970&v=6
2018,2018-01-28,25.684353,-100.4270461,Asesinan a 11 en 3 horas,2.0,https://www.elnorte.com/aplicacioneslibre/preacceso/articulo/default.aspx?id=1310002&v=16&urlredirect=https://www.elnorte.com/aplicaciones/articulo/default.aspx?id=1310002&v=16
2018,2018-01-05,25.6830877,-100.4476664,Ejecutan a joven en Santa Catarina,1.0,https://www.elnorte.com/aplicacioneslibre/preacceso/articulo/default.aspx?id=1292405&urlredirect=https://www.elnorte.com/aplicaciones/articulo/default.aspx?id=1292405
2018,2018-01-15,25.700627,-100.463518,Matan a balazos a tres en su casa,3.0,https://www.elnorte.com/aplicacioneslibre/preacceso/articulo/default.aspx?id=1299568&v=8&urlredirect=https://www.elnorte.com/aplicaciones/articulo/default.aspx?id=1299568&v=8
2018,2018-01-11,25.788914,-100.56128,Atan y tiran a ejecutado,1.0,https://www.elnorte.com/aplicacioneslibre/preacceso/articulo/default.aspx?id=1296506&v=6&urlredirect=https://www.elnorte.com/aplicaciones/articulo/default.aspx?id=1296506&v=6
2018,2018-02-14,25.6367106,-100.1624005,Muere joven baleado en ataque en Juárez,1.0,https://www.elnorte.com/aplicacioneslibre/preacceso/articulo/default.aspx?id=1322427&v=5&urlredirect=https://www.elnorte.com/aplicaciones/articulo/default.aspx?id=1322427&v=5
2018,2018-02-12,25.7924479,-100.192951,"Ejecutan, mutilan y le dejan recado",1.0,https://www.elnorte.com/aplicacioneslibre/preacceso/articulo/default.aspx?id=1321240&v=5&urlredirect=https://www.elnorte.com/aplicaciones/articulo/default.aspx?id=1321240&v=5
2018,2018-02-10,25.6420249,-100.2065955,Lo ejecutan en Guadalupe,1.0,https://www.elnorte.com/aplicacioneslibre/preacceso/articulo/default.aspx?id=1320523&v=4&urlredirect=https://www.elnorte.com/aplicaciones/articulo/default.aspx?id=1320523&v=4
2018,2018-02-07,25.7710195,-100.236883,Lo ejecutan en camioneta,1.0,https://www.elnorte.com/aplicacioneslibre/preacceso/articulo/default.aspx?id=1317459&v=6&urlredirect=https://www.elnorte.com/aplicaciones/articulo/default.aspx?id=1317459&v=6
2018,2018-02-04,25.7785698,-100.2543919,Muere en hospital baleado en Apodaca,1.0,https://www.elnorte.com/aplicacioneslibre/preacceso/articulo/default.aspx?id=1315630&urlredirect=https://www.elnorte.com/aplicaciones/articulo/default.aspx?id=1315630
2018,2018-02-17,25.7076731,-100.2468633,Ejecutan a mecánico en taller de su papá,1.0,https://www.elnorte.com/aplicacioneslibre/preacceso/articulo/default.aspx?id=1325323&v=8&urlredirect=https://www.elnorte.com/aplicaciones/articulo/default.aspx?id=1325323&v=8
2018,2018-02-15,25.5875306,-100.2584164,Lo citan y ejecutan en estacionamiento,1.0,https://www.elnorte.com/aplicacioneslibre/preacceso/articulo/default.aspx?id=1323343&v=12&urlredirect=https://www.elnorte.com/aplicaciones/articulo/default.aspx?id=1323343&v=12
2018,2018-02-08,25.6389583,-100.2758657,Ejecutan a hombre en el sector Contry,1.0,https://www.elnorte.com/aplicacioneslibre/preacceso/articulo/default.aspx?id=1317975&v=9&urlredirect=https://www.elnorte.com/aplicaciones/articulo/default.aspx?id=1317975&v=9
2018,2018-02-17,25.6821788,-100.2875168,Asesinan en Madero a vendedor de espejos,1.0,https://www.elnorte.com/aplicacioneslibre/preacceso/articulo/default.aspx?id=1325435&v=5&urlredirect=https://www.elnorte.com/aplicaciones/articulo/default.aspx?id=1325435&v=5
2018,2018-02-13,25.7396459,-100.3332749,Lo torturan y ejecutan en Colonia Topo Chico,1.0,https://www.elnorte.com/aplicacioneslibre/preacceso/articulo/default.aspx?id=1321606&v=5&urlredirect=https://www.elnorte.com/aplicaciones/articulo/default.aspx?id=1321606&v=5
2018,2018-02-06,25.65951,-100.4342349,Tiran a ejecutado con un mensaje frente a escuela,1.0,https://www.elnorte.com/aplicacioneslibre/preacceso/articulo/default.aspx?id=1316333&v=4&urlredirect=https://www.elnorte.com/aplicaciones/articulo/default.aspx?id=1316333&v=4
